"Week"	"Area"	"Action (PowerShell / Command)"	"Status"
"99"	"Release"	"Env verifier"	"✅ Done"
"8"	"Release"	"Env verifier"	"✅ Done"
"8"	"Release"	"Folder scan"	"✅ Done"
"12"	"Release"	"Env verifier"	"✅ Done"
"12"	"Release"	"Folder scan"	"✅ Done"
"12"	"Release"	"Status test"	"✅ Done"
"12"	"Release"	"Create .env"	"✅ Done"
"12"	"Release"	"Create venv"	"✅ Done"
"5.5"	"Release"	"Env verifier"	"✅ Done"
"11"	"Release"	"Env verifier"	"✅ Done"
"11"	"Release"	"Folder scan"	"✅ Done"
"10"	"Release"	"Env verifier"	"✅ Done"
"10"	"Release"	"Folder scan"	"✅ Done"
"10"	"Release"	"Status test"	"✅ Done"
"9"	"Release"	"Env verifier"	"✅ Done"
"9"	"Release"	"Folder scan"	"✅ Done"
"3.5"	"Release"	"Env verifier"	"✅ Done"
"7"	"Release"	"Env verifier"	"✅ Done"
"7"	"Release"	"Folder scan"	"✅ Done"
"7"	"Release"	"Status test"	"✅ Done"
"7"	"Release"	"Create .env"	"✅ Done"
"7"	"Release"	"Create venv"	"✅ Done"
"7"	"Release"	"Install requirements"	"✅ Done"
"7"	"Release"	"Git remote setup"	"✅ Done"
"7"	"Release"	"Docker build -t magic:1.0 ."	"✅ Done"
"7"	"Release"	"Add Docker HEALTHCHECK"	"✅ Done"
"6"	"Release"	"Env verifier"	"✅ Done"
"6"	"Release"	"Folder scan"	"✅ Done"
"6"	"Release"	"Status test"	"✅ Done"
"6"	"Release"	"Create .env"	"✅ Done"
"6"	"Release"	"Create venv"	"✅ Done"
"6"	"Release"	"Install requirements"	"✅ Done"
"6"	"Release"	"Git remote setup"	"✅ Done"
"6"	"Release"	"Docker build -t magic:1.0 ."	"✅ Done"
"6"	"Release"	"Add Docker HEALTHCHECK"	"✅ Done"
"5"	"Release"	"Env verifier"	"✅ Done"
"5"	"Release"	"Folder scan"	"✅ Done"
"5"	"Release"	"Status test"	"✅ Done"
"5"	"Release"	"Create .env"	"✅ Done"
"5"	"Release"	"Create venv"	"✅ Done"
"4"	"Release"	"Env verifier"	"✅ Done"
"4"	"Release"	"Folder scan"	"✅ Done"
"4"	"Release"	"Status test"	"✅ Done"
"3"	"Release"	"Env verifier"	"✅ Done"
"3"	"Release"	"Folder scan"	"✅ Done"
"3"	"Release"	"Status test"	"✅ Done"
"3"	"Release"	"Create .env"	"✅ Done"
"2"	"Release"	"Env verifier"	"✅ Done"
"2"	"Release"	"Folder scan"	"✅ Done"
"2"	"Release"	"Status test"	"✅ Done"
"2"	"Release"	"Create .env"	"✅ Done"
"1"	"Release"	"Env verifier"	"✅ Done"
"1"	"Release"	"Folder scan"	"✅ Done"
"1"	"Release"	"Status test"	"✅ Done"
"1"	"Release"	"Create .env"	"✅ Done"
"1"	"Release"	"Create venv"	"✅ Done"
"0"	"Release"	"Env verifier"	"✅ Done"
