"rel"	"name"	"ext"	"dir"	"size_bytes"	"size_mb"	"created"	"modified"	"age_days"	"phase"	"module"	"is_ready"	"is_py"	"is_large"	"is_old"	"sha256"
"rclone-v1.70.3-windows-amd64\rclone.exe"	"rclone.exe"	".exe"	"rclone-v1.70.3-windows-amd64"	"67394048"	"64.27"	"9/10/2025 3:19:03 PM"	"9/10/2025 3:19:04 PM"	"5"			"False"	"False"	"False"	"False"	"3E36B396C4CB71B8EAAE2300C21BEC26700B27CE5F6BE83EF6B86D214E294C8B"
"scripts\phase00\INBOX\AzureCLI_A1DB175C_A1DB175C_A1DB175C.msi"	"AzureCLI_A1DB175C_A1DB175C_A1DB175C.msi"	".msi"	"scripts\phase00\INBOX"	"66998272"	"63.89"	"7/31/2025 7:37:09 PM"	"7/31/2025 7:37:09 PM"	"46"			"False"	"False"	"False"	"False"	"A1DB175C23468D6BE3A0089C261024BB6810334054ECB8BA993F8D1038AE0F96"
"chromedriver.exe"	"chromedriver.exe"	".exe"	""	"19302912"	"18.41"	"7/31/2025 7:37:09 PM"	"7/31/2025 7:37:09 PM"	"46"			"False"	"False"	"False"	"False"	"2889FA77E0186203031536E49C6043D1F08B9F1BA82E1F32DD05A0AF03A92CD5"
"scripts\phase00\INBOX\chromedriver_2889FA77_2889FA77_2889FA77.exe"	"chromedriver_2889FA77_2889FA77_2889FA77.exe"	".exe"	"scripts\phase00\INBOX"	"19302912"	"18.41"	"7/31/2025 5:38:26 PM"	"7/31/2025 5:38:26 PM"	"46"			"False"	"False"	"False"	"False"	"2889FA77E0186203031536E49C6043D1F08B9F1BA82E1F32DD05A0AF03A92CD5"
"numpy-1.24.4-cp310-cp310-win_amd64.whl"	"numpy-1.24.4-cp310-cp310-win_amd64.whl"	".whl"	""	"14841514"	"14.15"	"9/10/2025 2:57:12 PM"	"9/10/2025 2:57:12 PM"	"5"			"False"	"False"	"False"	"False"	"B4BEA75E47D9586D31E892A7401F76E909712A0FD510F58F5337BEA9572C571E"
"outputs\reports\self_test\inventory_full.json"	"inventory_full.json"	".json"	"outputs\reports\self_test"	"13590563"	"12.96"	"9/14/2025 7:08:35 PM"	"9/14/2025 7:08:36 PM"	"1"			"False"	"False"	"False"	"False"	"462497A3535216E9E70EFFB4C91BF7F2E3141111DCA599675625A424B5CEBF31"
"wheels\numpy-2.2.6-cp310-cp310-win_amd64.whl"	"numpy-2.2.6-cp310-cp310-win_amd64.whl"	".whl"	"wheels"	"12904620"	"12.31"	"9/10/2025 2:57:13 PM"	"9/10/2025 2:57:13 PM"	"5"			"False"	"False"	"False"	"False"	"F0FD6321B839904E15C46E0D257FDD101DD7F530FE03FD6359C1EA63738703F3"
"pandas-2.0.3-cp310-cp310-win_amd64.whl"	"pandas-2.0.3-cp310-cp310-win_amd64.whl"	".whl"	""	"10664333"	"10.17"	"7/31/2025 5:38:26 PM"	"7/31/2025 5:38:26 PM"	"46"			"False"	"False"	"False"	"False"	"9EE1A69328D5C36C98D8E74DB06F4AD518A1840E8CCB94A4BA86920986BB617E"
"outputs\reports\self_test\inventory_full.tsv"	"inventory_full.tsv"	".tsv"	"outputs\reports\self_test"	"7346131"	"7.01"	"9/14/2025 7:08:34 PM"	"9/14/2025 7:08:34 PM"	"1"			"False"	"False"	"False"	"False"	"CDECF0CF00292C802EA3C073051055B3E8C30FD23E144C2804801767935EEFBD"
"outputs\reports\magic_full_scan.tsv"	"magic_full_scan.tsv"	".tsv"	"outputs\reports"	"6512121"	"6.21"	"9/14/2025 7:35:35 PM"	"9/14/2025 7:35:35 PM"	"1"			"False"	"False"	"False"	"False"	"0DB0F3BCEF0BE08FE27E1E36D83922B975D64DFBF9FA1151D561242AA0955BCF"
"outputs\reports\quick_scan.tsv"	"quick_scan.tsv"	".tsv"	"outputs\reports"	"6512009"	"6.21"	"9/14/2025 7:29:57 PM"	"9/14/2025 7:29:57 PM"	"1"			"False"	"False"	"False"	"False"	"BFA950C33C5121EBBFFE2D96856BB21DAE18C99CDE6F1133032A555734D38891"
"outputs\reports\self_test\orphans.tsv"	"orphans.tsv"	".tsv"	"outputs\reports\self_test"	"6170486"	"5.88"	"9/14/2025 7:09:24 PM"	"9/14/2025 7:18:28 PM"	"1"			"False"	"False"	"False"	"False"	"2E2BFD85DC02CEDAD9FE61E92D06F8AF40FFEB9D4B8AFF464364B8AF81EF612D"
"outputs\reports\inventory_full.json"	"inventory_full.json"	".json"	"outputs\reports"	"5193769"	"4.95"	"9/15/2025 3:20:34 PM"	"9/15/2025 6:13:40 PM"	"0"			"False"	"False"	"False"	"False"	"8AF664A806E9E4AF31F5F64D93A7A4A11B2AE5396ABAADF06B0B831DFD44FDF0"
"backups\QUARANTINE_20250912_142935\notion_export.json"	"notion_export.json"	".json"	"backups\QUARANTINE_20250912_142935"	"4733498"	"4.51"	"8/6/2025 5:16:33 PM"	"8/28/2025 3:43:22 PM"	"18"			"False"	"False"	"False"	"False"	"9C4469B67512E7C6A555EEB6F23BD2012425D1EAF1A0E251FB3DA0C452ACCD8F"
"outputs\reports\orphans.json"	"orphans.json"	".json"	"outputs\reports"	"3462596"	"3.3"	"9/15/2025 3:20:35 PM"	"9/15/2025 6:13:42 PM"	"0"			"False"	"False"	"False"	"False"	"44F298B0D94EFE75748F38AF5B526847A8109276D0930DE74CE0307544F00B80"
"outputs\reports\cleanup_plan.tsv"	"cleanup_plan.tsv"	".tsv"	"outputs\reports"	"3178001"	"3.03"	"9/12/2025 5:41:11 PM"	"9/12/2025 5:41:11 PM"	"3"			"False"	"False"	"False"	"False"	"B2B4E3CE3DE994214A1C68DB1D737F204E34BDBE9A49EACE4987C0565568A5E4"
"rclone-v1.70.3-windows-amd64\README.html"	"README.html"	".html"	"rclone-v1.70.3-windows-amd64"	"3084635"	"2.94"	"9/10/2025 3:19:03 PM"	"9/10/2025 3:19:03 PM"	"5"			"False"	"False"	"False"	"False"	"9041D4C70192CDA39810C4D1F0EC0FF07DE065AE32A277BF39AE5A70A9BD5EC8"
"rclone-v1.70.3-windows-amd64\rclone.1"	"rclone.1"	".1"	"rclone-v1.70.3-windows-amd64"	"2790926"	"2.66"	"9/10/2025 3:19:03 PM"	"9/10/2025 3:19:03 PM"	"5"			"False"	"False"	"False"	"False"	"735C2AEE1AD0D1578FE57D4C918513048FCF8E047D7091C4977E1F3E9BCEF7AF"
"rclone-v1.70.3-windows-amd64\README.txt"	"README.txt"	".txt"	"rclone-v1.70.3-windows-amd64"	"2530653"	"2.41"	"9/10/2025 3:19:03 PM"	"9/10/2025 3:19:03 PM"	"5"			"False"	"False"	"False"	"False"	"67D73E706D918EFC61579637CA8159667DEDB2D6B8D39DBBD2AF082942CCFAE7"
"outputs\reports\inventory_full.tsv"	"inventory_full.tsv"	".tsv"	"outputs\reports"	"2486924"	"2.37"	"9/15/2025 6:19:00 PM"	"9/15/2025 6:19:00 PM"	"0"			"False"	"False"	"False"	"False"	"2735A7964ACFC64DDA07BACBDB0644A49455E43E6C400FE0B98E9F78DE090AAF"
"outputs\reports\orphans.tsv"	"orphans.tsv"	".tsv"	"outputs\reports"	"1656841"	"1.58"	"9/15/2025 6:19:00 PM"	"9/15/2025 6:19:00 PM"	"0"			"False"	"False"	"False"	"False"	"8CEFC608730F0D886C20C4E92DFE17ABDD77071A0A833327220C10483B883056"
"scripts\phase00\INBOX\core_7_9B4452E8.py"	"core_7_9B4452E8.py"	".py"	"scripts\phase00\INBOX"	"1554066"	"1.48"	"9/10/2025 3:31:32 PM"	"9/10/2025 3:31:32 PM"	"5"			"False"	"True"	"False"	"False"	"9B4452E8757B5ADC58190E9FABE5BE3E977F13FF2B095259F012F4F4DDE8FE0E"
"scripts\phase00\INBOX\channels_07E24782.py"	"channels_07E24782.py"	".py"	"scripts\phase00\INBOX"	"1178576"	"1.12"	"9/10/2025 3:31:32 PM"	"9/10/2025 3:31:32 PM"	"5"			"False"	"True"	"False"	"False"	"07E24782CB31F81DDD923A4509BE6E63B04E51DD67390D542C9FAE084585A569"
"backups\QUARANTINE_20250912_142935\INDEX.tsv"	"INDEX.tsv"	".tsv"	"backups\QUARANTINE_20250912_142935"	"1153495"	"1.1"	"9/12/2025 2:29:35 PM"	"9/12/2025 2:31:26 PM"	"3"			"False"	"False"	"False"	"False"	"D81C235646D090A487F48B567DD6663A366AF6F473E556D8FE6C79C83202673E"
"scripts\phase00\INBOX\tiktok_page_source_EC5F2972_EC5F2972.html"	"tiktok_page_source_EC5F2972_EC5F2972.html"	".html"	"scripts\phase00\INBOX"	"1097560"	"1.05"	"8/28/2025 6:19:22 PM"	"8/28/2025 6:19:22 PM"	"18"			"False"	"False"	"False"	"False"	"EC5F2972B17E220CCAC58CF8A63620ECAF1C6DD77D426E8EDADC13EDC85E3183"
"outputs\reports\self_test\duplicates_by_hash.tsv"	"duplicates_by_hash.tsv"	".tsv"	"outputs\reports\self_test"	"786459"	"0.75"	"9/14/2025 7:09:07 PM"	"9/14/2025 7:09:07 PM"	"1"			"False"	"False"	"False"	"False"	"D7BD6B7DEDD3956727709EA42E0B91CDCCF900D2CE31F8EE25078557188A13BC"
"scripts\phase00\INBOX\THIRD_PARTY_NOTICES_62E70421_62E70421_62E70421.chromedriver"	"THIRD_PARTY_NOTICES_62E70421_62E70421_62E70421.chromedriver"	".chromedriver"	"scripts\phase00\INBOX"	"692140"	"0.66"	"8/28/2025 6:19:21 PM"	"8/28/2025 6:19:21 PM"	"18"			"False"	"False"	"False"	"False"	"62E70421677A39841D8C6A40ABAF4B8556D63841990F6FB06903D883CC93BC7F"
"scripts\phase00\INBOX\yacctab_456A5BFF.py"	"yacctab_456A5BFF.py"	".py"	"scripts\phase00\INBOX"	"683997"	"0.65"	"9/10/2025 3:19:05 PM"	"9/10/2025 3:19:05 PM"	"5"			"False"	"True"	"False"	"False"	"456A5BFF89CB10371D1A74E1A545632A61C4BB98D6DC8515BD71CB17C223D207"
"wheels\pytz-2025.2-py2.py3-none-any.whl"	"pytz-2025.2-py2.py3-none-any.whl"	".whl"	"wheels"	"509225"	"0.49"	"7/31/2025 5:38:27 PM"	"7/31/2025 5:38:27 PM"	"46"			"False"	"False"	"False"	"False"	"5DDF76296DD8C44C26EB8F4B6F35488F3CCBF6FBBD7ADEE0B7262D43F0EC2F00"
"backups\QUARANTINE_20250912_142935\docs\phase_module_plan.json"	"phase_module_plan.json"	".json"	"backups\QUARANTINE_20250912_142935\docs"	"440039"	"0.42"	"9/10/2025 3:19:03 PM"	"9/10/2025 3:19:03 PM"	"5"			"False"	"False"	"False"	"False"	"F60F8897F71DAE3835D972CF6C96B63558DB357C70490C3B9EC9CF4E2DA49412"
"scripts\phase00\INBOX\generic_5C4CA5F1.py"	"generic_5C4CA5F1.py"	".py"	"scripts\phase00\INBOX"	"429218"	"0.41"	"9/10/2025 3:31:32 PM"	"9/10/2025 3:31:32 PM"	"5"			"False"	"True"	"False"	"False"	"5C4CA5F131C2701FFB93E443709DB268B16EB791A4062EDD1B1D1D98B4E166DD"
"scripts\phase00\INBOX\frame_AE8632D2.py"	"frame_AE8632D2.py"	".py"	"scripts\phase00\INBOX"	"412417"	"0.39"	"9/10/2025 3:31:32 PM"	"9/10/2025 3:31:32 PM"	"5"			"False"	"True"	"False"	"False"	"AE8632D2D02E64DC6D2634BBD2C42B42FECA828706DD8D595BACEBBA1F676EE9"
"outputs\reports\deps_graph.json"	"deps_graph.json"	".json"	"outputs\reports"	"411487"	"0.39"	"9/10/2025 9:57:39 AM"	"9/10/2025 10:13:35 AM"	"5"			"False"	"False"	"False"	"False"	"2ECEABF4331232109ECD2BD6CAC22D36B584B316653526A5BEF4690D9334DA3E"
"outputs\reports\phase_module_readiness.json"	"phase_module_readiness.json"	".json"	"outputs\reports"	"383511"	"0.37"	"9/15/2025 3:20:36 PM"	"9/15/2025 6:13:42 PM"	"0"			"False"	"False"	"False"	"False"	"1C3BAA1F8C4F060958F3A4C60A288774F3B08FCF503E13C96550E895303A0EED"
"outputs\reports\magic_full_audit.json"	"magic_full_audit.json"	".json"	"outputs\reports"	"383511"	"0.37"	"9/14/2025 6:26:18 PM"	"9/14/2025 6:30:49 PM"	"1"			"False"	"False"	"False"	"False"	"1C3BAA1F8C4F060958F3A4C60A288774F3B08FCF503E13C96550E895303A0EED"
"backups\QUARANTINE_20250912_142935\agents\awareness\script_tracker_state.json"	"script_tracker_state.json"	".json"	"backups\QUARANTINE_20250912_142935\agents\awareness"	"356797"	"0.34"	"9/10/2025 2:57:11 PM"	"9/10/2025 2:57:11 PM"	"5"			"False"	"False"	"False"	"False"	"7DC8561B42C90364719C3521699BE2647C25F46E57E06F64F99EEEFA9B85312E"
"scripts\phase00\INBOX\_config_3_04E009C9.py"	"_config_3_04E009C9.py"	".py"	"scripts\phase00\INBOX"	"304714"	"0.29"	"9/10/2025 3:31:32 PM"	"9/10/2025 3:31:32 PM"	"5"			"False"	"True"	"False"	"False"	"04E009C9F4DECA5FD24B2DE07289F80A29DC2E897EF0B1587D1D10CF2E1AAECD"
"backups\QUARANTINE_20250912_142935\agents\awareness\tracker_state.json"	"tracker_state.json"	".json"	"backups\QUARANTINE_20250912_142935\agents\awareness"	"281294"	"0.27"	"9/10/2025 2:57:11 PM"	"9/10/2025 2:57:11 PM"	"5"			"False"	"False"	"False"	"False"	"3CB41C2C2FF490771CB1D91BEEA734D47A7751CA4B37C939CD9E121E27765C1A"
"scripts\phase00\INBOX\fastjsonschema_validations_709FF341.py"	"fastjsonschema_validations_709FF341.py"	".py"	"scripts\phase00\INBOX"	"269901"	"0.26"	"9/10/2025 3:19:04 PM"	"9/10/2025 3:19:04 PM"	"5"			"False"	"True"	"False"	"False"	"709FF3416CB2882F34C8EDFD1C0EA9E07B30579304FDBC76EBFF5A5799EE756D"
"scripts\phase00\INBOX\core_4_3CDCC658.py"	"core_4_3CDCC658.py"	".py"	"scripts\phase00\INBOX"	"264359"	"0.25"	"9/10/2025 3:31:32 PM"	"9/10/2025 3:31:32 PM"	"5"			"False"	"True"	"False"	"False"	"3CDCC658CCD354B0D21B5C38CF73CC8B193991FF8CA7E9ED9CC61CA1DC097A33"
"scripts\phase00\INBOX\uts46data_635E13B5.py"	"uts46data_635E13B5.py"	".py"	"scripts\phase00\INBOX"	"239334"	"0.23"	"9/10/2025 3:31:33 PM"	"9/10/2025 3:31:33 PM"	"5"			"False"	"True"	"False"	"False"	"635E13B5D7B404B197E7A734A22A8116B7214803611EA0C248D635F462F13511"
"outputs\reports\nonconforming_scripts.csv"	"nonconforming_scripts.csv"	".csv"	"outputs\reports"	"237431"	"0.23"	"9/15/2025 5:48:55 PM"	"9/15/2025 5:51:41 PM"	"0"			"False"	"False"	"False"	"False"	"A55F789ECF5325B4F4EE9B5D0AF6DA401E4959C829894E7D6935B5624BD74407"
"wheels\python_dateutil-2.9.0.post0-py2.py3-none-any.whl"	"python_dateutil-2.9.0.post0-py2.py3-none-any.whl"	".whl"	"wheels"	"229892"	"0.22"	"7/31/2025 5:38:27 PM"	"7/31/2025 5:38:27 PM"	"46"			"False"	"False"	"False"	"False"	"A8B2BC7BFFAE282281C8140A97D3AA9C14DA0B136DFE83F850EEA9A5F7470427"
"scripts\phase00\INBOX\fpdf_9FD4C0E6.py"	"fpdf_9FD4C0E6.py"	".py"	"scripts\phase00\INBOX"	"228714"	"0.22"	"9/10/2025 3:31:32 PM"	"9/10/2025 3:31:32 PM"	"5"			"False"	"True"	"False"	"False"	"9FD4C0E66783300BF3ED7E68977B0B3CC286986F7B860926787C150F164C40D8"
"scripts\phase00\INBOX\test_core_1CB5480A.py"	"test_core_1CB5480A.py"	".py"	"scripts\phase00\INBOX"	"228057"	"0.22"	"9/10/2025 3:31:33 PM"	"9/10/2025 3:31:33 PM"	"5"			"False"	"True"	"False"	"False"	"1CB5480AA79697B42E706591D900020DA6BD31C6B95807FBF89658469EF87768"
"backups\backup_2025-07-28_23-44-56.zip"	"backup_2025-07-28_23-44-56.zip"	".zip"	"backups"	"214667"	"0.2"	"9/10/2025 3:19:03 PM"	"9/10/2025 3:19:03 PM"	"5"			"False"	"False"	"False"	"False"	"C7E3B9577C1B9C4F9E17B949983D5A1BAC5BFE11EA9864A63C01B37F869C9A0D"
"backups\backup_2025-07-28_23-42-51.zip"	"backup_2025-07-28_23-42-51.zip"	".zip"	"backups"	"214667"	"0.2"	"9/10/2025 3:19:03 PM"	"9/10/2025 3:19:03 PM"	"5"			"False"	"False"	"False"	"False"	"C7E3B9577C1B9C4F9E17B949983D5A1BAC5BFE11EA9864A63C01B37F869C9A0D"
"backups\backup_2025-07-28_23-40-25.zip"	"backup_2025-07-28_23-40-25.zip"	".zip"	"backups"	"214667"	"0.2"	"9/10/2025 3:19:03 PM"	"9/10/2025 3:19:03 PM"	"5"			"False"	"False"	"False"	"False"	"C7E3B9577C1B9C4F9E17B949983D5A1BAC5BFE11EA9864A63C01B37F869C9A0D"
"backups\backup_2025-07-28_23-29-39.zip"	"backup_2025-07-28_23-29-39.zip"	".zip"	"backups"	"214667"	"0.2"	"9/10/2025 3:19:03 PM"	"9/10/2025 3:19:03 PM"	"5"			"False"	"False"	"False"	"False"	"C7E3B9577C1B9C4F9E17B949983D5A1BAC5BFE11EA9864A63C01B37F869C9A0D"
"scripts\phase00\INBOX\core_07B2CBB8.py"	"core_07B2CBB8.py"	".py"	"scripts\phase00\INBOX"	"213289"	"0.2"	"9/10/2025 3:31:32 PM"	"9/10/2025 3:31:32 PM"	"5"			"False"	"True"	"False"	"False"	"07B2CBB81935507FE6DA57C36BA0644FBEC5D8F6036FE0A312B10B9BA910BDE8"
"backups\backup_2025-07-28_23-04-52.zip"	"backup_2025-07-28_23-04-52.zip"	".zip"	"backups"	"212362"	"0.2"	"9/10/2025 3:19:03 PM"	"9/10/2025 3:19:03 PM"	"5"			"False"	"False"	"False"	"False"	"AEFB14316FE250A580FB700557384F18D0686EDDE1252D0B2C79D940140DBD6A"
"outputs\reports\duplicate_files.json"	"duplicate_files.json"	".json"	"outputs\reports"	"208864"	"0.2"	"9/15/2025 3:20:36 PM"	"9/15/2025 6:13:42 PM"	"0"			"False"	"False"	"False"	"False"	"8048D2FB425B1C33293C7D98074264852C1EEAA089DFD74A13063D61F2F28ECE"
"scripts\phase00\INBOX\otData_F975D1C1.py"	"otData_F975D1C1.py"	".py"	"scripts\phase00\INBOX"	"197262"	"0.19"	"9/10/2025 3:31:32 PM"	"9/10/2025 3:31:32 PM"	"5"			"False"	"True"	"False"	"False"	"F975D1C1D55F3FE5B3EE806330FA64BB4034407F65C3F7C518DCD996DF4DD26A"
"scripts\phase00\INBOX\_add_newdocs_E0B10203.py"	"_add_newdocs_E0B10203.py"	".py"	"scripts\phase00\INBOX"	"196558"	"0.19"	"9/10/2025 3:31:32 PM"	"9/10/2025 3:31:32 PM"	"5"			"False"	"True"	"False"	"False"	"E0B102032EDAF2AC2A27E426682F5798EC85060528B28B9E7F34828E7056B912"
"scripts\phase00\INBOX\test_umath_F750BC96.py"	"test_umath_F750BC96.py"	".py"	"scripts\phase00\INBOX"	"194954"	"0.19"	"9/10/2025 3:31:33 PM"	"9/10/2025 3:31:33 PM"	"5"			"False"	"True"	"False"	"False"	"F750BC963CE185B6BFDEB8E4D8FEA5DD3B1D3E722851EFFA23C70AC6C5EBCEEC"
"scripts\phase00\INBOX\series_6E719E48.py"	"series_6E719E48.py"	".py"	"scripts\phase00\INBOX"	"192770"	"0.18"	"9/10/2025 3:31:32 PM"	"9/10/2025 3:31:32 PM"	"5"			"False"	"True"	"False"	"False"	"6E719E485092FA43E075310656D3667FE5A612CB907F1E877544DFFFA9119978"
"docs\phase_module_plan.csv"	"phase_module_plan.csv"	".csv"	"docs"	"191350"	"0.18"	"9/10/2025 3:19:03 PM"	"9/10/2025 3:19:03 PM"	"5"			"False"	"False"	"False"	"False"	"8F954FF73887A7EDFA090C11BB57D320DC902A4C3874C7D3BCC0717C0DD852E6"
"scripts\phase00\INBOX\api_8_368D8910.py"	"api_8_368D8910.py"	".py"	"scripts\phase00\INBOX"	"191298"	"0.18"	"9/10/2025 3:31:32 PM"	"9/10/2025 3:31:32 PM"	"5"			"False"	"True"	"False"	"False"	"368D89106D82A8D46C0483E93B9259CAD0461F3F1B13ADC3324F2FC7CDA03F06"
"backups\backup_2025-07-28_16-13-38.zip"	"backup_2025-07-28_16-13-38.zip"	".zip"	"backups"	"180919"	"0.17"	"9/10/2025 3:19:03 PM"	"9/10/2025 3:19:03 PM"	"5"			"False"	"False"	"False"	"False"	"75B2DB6D8112BED3F7FE68B8E9E87C97774248C87DEBA832F4D2D031DCC65A47"
"scripts\phase00\INBOX\pytables_9855B64D.py"	"pytables_9855B64D.py"	".py"	"scripts\phase00\INBOX"	"171953"	"0.16"	"9/10/2025 3:31:32 PM"	"9/10/2025 3:31:32 PM"	"5"			"False"	"True"	"False"	"False"	"9855B64D58DC85B5CAF6017AD36882CB4AE8E0B31752C75F86A08C9C31A52210"
"outputs\reports\duplicate_files.tsv"	"duplicate_files.tsv"	".tsv"	"outputs\reports"	"171788"	"0.16"	"9/15/2025 3:20:36 PM"	"9/15/2025 6:13:42 PM"	"0"			"False"	"False"	"False"	"False"	"5BF013DA7A7DD49246D53026908E863F107ACF1323E3FF27B0589D32B7842100"
"scripts\phase00\INBOX\test_function_base_893FDC8B.py"	"test_function_base_893FDC8B.py"	".py"	"scripts\phase00\INBOX"	"167780"	"0.16"	"9/10/2025 3:31:33 PM"	"9/10/2025 3:31:33 PM"	"5"			"False"	"True"	"False"	"False"	"893FDC8B93A42A715BDEC1F6B842F653FF63B4ABF920A06DFE4303768B31F46E"
"scripts\phase00\INBOX\function_base_2_FDEED974.py"	"function_base_2_FDEED974.py"	".py"	"scripts\phase00\INBOX"	"162281"	"0.15"	"9/10/2025 3:31:32 PM"	"9/10/2025 3:31:32 PM"	"5"			"False"	"True"	"False"	"False"	"FDEED9749DA3AC1E51C8767FC9A9FB7ACD51CEC58F7A3FA980365F8C6711C472"
"scripts\phase00\INBOX\typing_extensions_2_E4BDC332.py"	"typing_extensions_2_E4BDC332.py"	".py"	"scripts\phase00\INBOX"	"159097"	"0.15"	"9/10/2025 3:31:33 PM"	"9/10/2025 3:31:33 PM"	"5"			"False"	"True"	"False"	"False"	"E4BDC332CA4E4BC9B2158A2E221DE29988E8CB6F282D171CD602AD30554101B8"
"scripts\phase00\INBOX\network_663F9357.py"	"network_663F9357.py"	".py"	"scripts\phase00\INBOX"	"159096"	"0.15"	"9/10/2025 3:31:32 PM"	"9/10/2025 3:31:32 PM"	"5"			"False"	"True"	"False"	"False"	"663F93571B9B47C02C79BB3D328A414ED9FA54E983FEE57FF8860A716488366D"
"backups\QUARANTINE_20250912_142935\script_name_to_path.json"	"script_name_to_path.json"	".json"	"backups\QUARANTINE_20250912_142935"	"157221"	"0.15"	"9/10/2025 2:57:12 PM"	"9/10/2025 2:57:12 PM"	"5"			"False"	"False"	"False"	"False"	"4123D3CE3E9727A2F9EB3039F860CE120951392A73298FC2BB0070FFD79054A8"
"scripts\phase00\INBOX\random_3_EEF965FC.py"	"random_3_EEF965FC.py"	".py"	"scripts\phase00\INBOX"	"155182"	"0.15"	"9/10/2025 3:31:32 PM"	"9/10/2025 3:31:32 PM"	"5"			"False"	"True"	"False"	"False"	"EEF965FCD745F15B7D49B2F3454A753C8E408F8F204923943C94DABE9E91B6CB"
"scripts\phase00\INBOX\drawing_CBF30B62.py"	"drawing_CBF30B62.py"	".py"	"scripts\phase00\INBOX"	"149045"	"0.14"	"9/10/2025 3:31:32 PM"	"9/10/2025 3:31:32 PM"	"5"			"False"	"True"	"False"	"False"	"CBF30B629AC59FEBF47E71A0546E273D522026D6B4E114D8530E2DC326978DCC"
"scripts\phase00\INBOX\test_to_datetime_812BFB85.py"	"test_to_datetime_812BFB85.py"	".py"	"scripts\phase00\INBOX"	"147152"	"0.14"	"9/10/2025 3:31:33 PM"	"9/10/2025 3:31:33 PM"	"5"			"False"	"True"	"False"	"False"	"812BFB85CE84ECEB81CCE9BE1DF3EA62ACF681F1A18BBEE19183852A41F02CC7"
"scripts\phase00\INBOX\test_sql_E712E9DF.py"	"test_sql_E712E9DF.py"	".py"	"scripts\phase00\INBOX"	"144483"	"0.14"	"9/10/2025 3:31:33 PM"	"9/10/2025 3:31:33 PM"	"5"			"False"	"True"	"False"	"False"	"E712E9DF2EFD407B86D9DDF7F5701DD2A66FCFA7DDD2BA61D82EB20618290F66"
"scripts\phase00\INBOX\yacc_3A9ADB5A.py"	"yacc_3A9ADB5A.py"	".py"	"scripts\phase00\INBOX"	"140360"	"0.13"	"9/10/2025 3:31:33 PM"	"9/10/2025 3:31:33 PM"	"5"			"False"	"True"	"False"	"False"	"3A9ADB5AB41A7037538E7891A9ECC3E5BD77DEDF51E6922AB364D326EA025A05"
"scripts\phase00\INBOX\_emoji_codes_86ED552F.py"	"_emoji_codes_86ED552F.py"	".py"	"scripts\phase00\INBOX"	"140235"	"0.13"	"9/10/2025 3:31:32 PM"	"9/10/2025 3:31:32 PM"	"5"			"False"	"True"	"False"	"False"	"86ED552FD9DB55DA6926B5688A356C85195C4517BFBF7763BB7326776B0A65D6"
"backups\QUARANTINE_20250912_142935\outputs\repo_doctor\repo_doctor_report.md"	"repo_doctor_report.md"	".md"	"backups\QUARANTINE_20250912_142935\outputs\repo_doctor"	"139508"	"0.13"	"9/10/2025 11:48:33 AM"	"9/10/2025 11:48:57 AM"	"5"			"False"	"False"	"False"	"False"	"D2968593C6D0CC32CBD2BC75CA4BBE615ACE30DD88B2D24C67A089410F773374"
"scripts\phase00\INBOX\__init___168_73712E94.py"	"__init___168_73712E94.py"	".py"	"scripts\phase00\INBOX"	"137659"	"0.13"	"9/10/2025 3:31:32 PM"	"9/10/2025 3:31:32 PM"	"5"			"False"	"True"	"False"	"False"	"73712E94305FF9161469415333F26822E547BE62CAEC5C1FE3F2258314B8E816"
"scripts\phase00\INBOX\multi_77909471.py"	"multi_77909471.py"	".py"	"scripts\phase00\INBOX"	"136936"	"0.13"	"9/10/2025 3:31:32 PM"	"9/10/2025 3:31:32 PM"	"5"			"False"	"True"	"False"	"False"	"77909471F28A35AA7AB74DAE5EF6963D75172B337926CBB46A05BCA5C3A3F70E"
"scripts\phase00\INBOX\crackfortran_5341E850.py"	"crackfortran_5341E850.py"	".py"	"scripts\phase00\INBOX"	"136435"	"0.13"	"9/10/2025 3:31:32 PM"	"9/10/2025 3:31:32 PM"	"5"			"False"	"True"	"False"	"False"	"5341E850C151AEF446BE6D16073878A2C492369B140BD990F570ACB0E71AE82B"
"scripts\phase00\INBOX\test_nditer_C89D4742.py"	"test_nditer_C89D4742.py"	".py"	"scripts\phase00\INBOX"	"136084"	"0.13"	"9/10/2025 3:31:33 PM"	"9/10/2025 3:31:33 PM"	"5"			"False"	"True"	"False"	"False"	"C89D4742AF329B9D9E764D3489CEF438E980890C47513E01D99322FC11F1CF66"
"scripts\phase00\INBOX\test_ufunc_5E48BE47.py"	"test_ufunc_5E48BE47.py"	".py"	"scripts\phase00\INBOX"	"134513"	"0.13"	"9/10/2025 3:31:33 PM"	"9/10/2025 3:31:33 PM"	"5"			"False"	"True"	"False"	"False"	"5E48BE47FE1E73498AEAB544E6AD516C718D85FCAE13411DBB80B38774D1999C"
"scripts\phase00\INBOX\test_function_base_2_F8BE7BD4.py"	"test_function_base_2_F8BE7BD4.py"	".py"	"scripts\phase00\INBOX"	"133369"	"0.13"	"9/10/2025 3:31:33 PM"	"9/10/2025 3:31:33 PM"	"5"			"False"	"True"	"False"	"False"	"F8BE7BD4C19DCECD7391C5B76380652F5B510B226E51A5F9BB50FFF6CC957FB9"
"scripts\phase00\INBOX\stata_05078DFA.py"	"stata_05078DFA.py"	".py"	"scripts\phase00\INBOX"	"131794"	"0.13"	"9/10/2025 3:31:32 PM"	"9/10/2025 3:31:32 PM"	"5"			"False"	"True"	"False"	"False"	"05078DFA22C5D21CA5F6E504CCD4FBF375AEE17D56F7DBEE8C689EB64FFFEF23"
"scripts\phase00\INBOX\page_EB4AA39E.py"	"page_EB4AA39E.py"	".py"	"scripts\phase00\INBOX"	"129809"	"0.12"	"9/10/2025 3:31:32 PM"	"9/10/2025 3:31:32 PM"	"5"			"False"	"True"	"False"	"False"	"EB4AA39E298873866447695F8C5EC80BB2A634A48ECAB6ED0FCFB81E5749B718"
"tools\build_dashboard.py"	"build_dashboard.py"	".py"	"tools"	"129701"	"0.12"	"9/12/2025 5:41:11 PM"	"9/12/2025 5:41:11 PM"	"3"			"False"	"True"	"False"	"False"	"A6337C9E99FC116461F765830543D540DCBA7588D13F4A090155ADDBD45BAA72"
"scripts\phase00\INBOX\__init___157_F3B35E76.py"	"__init___157_F3B35E76.py"	".py"	"scripts\phase00\INBOX"	"129255"	"0.12"	"9/10/2025 3:31:32 PM"	"9/10/2025 3:31:32 PM"	"5"			"False"	"True"	"False"	"False"	"F3B35E76E95669D3161B6FDA77EE0995424CB2EE6D15F06F82091265AD67C2E2"
"scripts\phase00\INBOX\builder_5_307B902A.py"	"builder_5_307B902A.py"	".py"	"scripts\phase00\INBOX"	"128727"	"0.12"	"9/10/2025 3:31:32 PM"	"9/10/2025 3:31:32 PM"	"5"			"False"	"True"	"False"	"False"	"307B902AE977365DEFCD7998ED66FAC79E1935B2465334540FBF952A9386EE51"
"scripts\phase00\INBOX\twitter_7A84DF79.py"	"twitter_7A84DF79.py"	".py"	"scripts\phase00\INBOX"	"128353"	"0.12"	"9/10/2025 3:31:33 PM"	"9/10/2025 3:31:33 PM"	"5"			"False"	"True"	"False"	"False"	"7A84DF79AC5366917D690FD0C9A1E72892F952651D9D2B2591E7E8245C3B2CFB"
"scripts\phase00\INBOX\langrussianmodel_B37F796D.py"	"langrussianmodel_B37F796D.py"	".py"	"scripts\phase00\INBOX"	"128035"	"0.12"	"9/10/2025 3:31:32 PM"	"9/10/2025 3:31:32 PM"	"5"			"False"	"True"	"False"	"False"	"B37F796D367CEC4493AD908E7605DB12367D3F58863F00A5FFCC52B1A73F0CB6"
"magic_file_tracker_export.csv\magic_file_tracker 23ee718871ad80d49bbdde18ac777aec.csv"	"magic_file_tracker 23ee718871ad80d49bbdde18ac777aec.csv"	".csv"	"magic_file_tracker_export.csv"	"125839"	"0.12"	"9/10/2025 2:57:12 PM"	"9/10/2025 2:57:12 PM"	"5"			"False"	"False"	"False"	"False"	"EFD13B8F615716850E198DA87A0477B1D1DFA1E852B964ADE7E76ACF08AB50B1"
"notion_export\magic_file_tracker 23ee718871ad80d49bbdde18ac777aec.csv"	"magic_file_tracker 23ee718871ad80d49bbdde18ac777aec.csv"	".csv"	"notion_export"	"125839"	"0.12"	"9/10/2025 2:57:12 PM"	"9/10/2025 2:57:12 PM"	"5"			"False"	"False"	"False"	"False"	"EFD13B8F615716850E198DA87A0477B1D1DFA1E852B964ADE7E76ACF08AB50B1"
"notion_export\magic_file_tracker_export.csv"	"magic_file_tracker_export.csv"	".csv"	"notion_export"	"125839"	"0.12"	"9/10/2025 2:57:12 PM"	"9/10/2025 2:57:12 PM"	"5"			"False"	"False"	"False"	"False"	"EFD13B8F615716850E198DA87A0477B1D1DFA1E852B964ADE7E76ACF08AB50B1"
"magic_file_tracker_export.csv\magic_file_tracker 23ee718871ad80d49bbdde18ac777aec_all.csv"	"magic_file_tracker 23ee718871ad80d49bbdde18ac777aec_all.csv"	".csv"	"magic_file_tracker_export.csv"	"125839"	"0.12"	"9/10/2025 2:57:12 PM"	"9/10/2025 2:57:12 PM"	"5"			"False"	"False"	"False"	"False"	"EFD13B8F615716850E198DA87A0477B1D1DFA1E852B964ADE7E76ACF08AB50B1"
"scripts\phase00\INBOX\html5parser_37D3FEB0.py"	"html5parser_37D3FEB0.py"	".py"	"scripts\phase00\INBOX"	"125312"	"0.12"	"9/10/2025 3:31:32 PM"	"9/10/2025 3:31:32 PM"	"5"			"False"	"True"	"False"	"False"	"37D3FEB0A011F8E7BB8F841A80AFDAAFE04938F2CE71F3B33C71C9E41C9DEEA8"
"scripts\phase00\INBOX\_run_91450411.py"	"_run_91450411.py"	".py"	"scripts\phase00\INBOX"	"124064"	"0.12"	"9/10/2025 3:31:32 PM"	"9/10/2025 3:31:32 PM"	"5"			"False"	"True"	"False"	"False"	"91450411FE5D55DB3C37E63C6917B571690C1C1318ED15633C74663E4F31ED43"
"outputs\repo_doctor\repo_doctor_report.csv"	"repo_doctor_report.csv"	".csv"	"outputs\repo_doctor"	"123350"	"0.12"	"9/10/2025 11:48:33 AM"	"9/10/2025 11:48:57 AM"	"5"			"False"	"False"	"False"	"False"	"A11138F72F80DF28340BA231445E83586BEE07AD9D30A2751D9FB3D416B9BD5A"
"scripts\phase00\INBOX\test_datetime_27309C4D.py"	"test_datetime_27309C4D.py"	".py"	"scripts\phase00\INBOX"	"123258"	"0.12"	"9/10/2025 3:31:33 PM"	"9/10/2025 3:31:33 PM"	"5"			"False"	"True"	"False"	"False"	"27309C4D701985FF4CFC7C1334AD3C308C4E8B87AE15F69F0028681618D58729"
"scripts\phase00\INBOX\fromnumeric_2C74DC0D.py"	"fromnumeric_2C74DC0D.py"	".py"	"scripts\phase00\INBOX"	"122962"	"0.12"	"9/10/2025 3:31:32 PM"	"9/10/2025 3:31:32 PM"	"5"			"False"	"True"	"False"	"False"	"2C74DC0D38E39B3FF69BAC220DA8B8BADDEC63D76D83176C87EF82BF17C1EE87"
"scripts\phase00\INBOX\test_merge_asof_FF84B881.py"	"test_merge_asof_FF84B881.py"	".py"	"scripts\phase00\INBOX"	"121465"	"0.12"	"9/10/2025 3:31:33 PM"	"9/10/2025 3:31:33 PM"	"5"			"False"	"True"	"False"	"False"	"FF84B881E5B3FCEAAF86B47FDB370BEDC1AD90BA4F0EE6A7151EAF3090082FE0"
"scripts\phase00\INBOX\test_loc_3A8B7EDA.py"	"test_loc_3A8B7EDA.py"	".py"	"scripts\phase00\INBOX"	"120437"	"0.11"	"9/10/2025 3:31:33 PM"	"9/10/2025 3:31:33 PM"	"5"			"False"	"True"	"False"	"False"	"3A8B7EDAA16B0B1D6E254D3D202B4C24D4094FDC9C20E13399224DB88982EADE"
"scripts\phase00\INBOX\test_generator_mt19937_79B72012.py"	"test_generator_mt19937_79B72012.py"	".py"	"scripts\phase00\INBOX"	"118732"	"0.11"	"9/10/2025 3:31:33 PM"	"9/10/2025 3:31:33 PM"	"5"			"False"	"True"	"False"	"False"	"79B72012A0AB69F739ECE392D28D78E2389AE715BAA1FA6A2E978E6CBC6C464B"
"scripts\phase00\INBOX\more_411824A8.py"	"more_411824A8.py"	".py"	"scripts\phase00\INBOX"	"117723"	"0.11"	"9/10/2025 3:31:32 PM"	"9/10/2025 3:31:32 PM"	"5"			"False"	"True"	"False"	"False"	"411824A86F0CAD74CF7C6B8AB6A9AEB00F8034131AEDFABAC7A68E00B955BBCE"
"outputs\repo_doctor\hotfix_backups\20250910_121824\tools\build_dashboard.py"	"build_dashboard.py"	".py"	"outputs\repo_doctor\hotfix_backups\20250910_121824\tools"	"117553"	"0.11"	"9/10/2025 12:18:24 PM"	"9/10/2025 11:48:57 AM"	"5"			"False"	"True"	"False"	"False"	"481FE2CB4A5905998EEA5044FEE7F89D9014CAB17D630D3DB76B8379600C3E31"
