"Week"	"Step"	"What"	"Status"	"Gaps"
"4"	"4.3"	"Alerts"	"Done"	""
"8"	"8.3"	"Documentation"	"Done"	""
"8"	"8.4"	"Team demo"	"Done"	""
"9"	"9.1"	"Stress test"	"Done"	""
"9"	"9.2"	"Optimize runner"	"Done"	""
"9"	"9.3"	"Auto cleanup"	"Done"	""
"9"	"9.4"	"Notion sync"	"Done"	""
"9"	"9.5"	"Scale-prep PR merged"	"Done"	""
"10"	"10.2"	"Auto-recover failures"	"Done"	""
"10"	"10.3"	"Self-repair bot"	"Done"	""
"10"	"10.4"	"Disaster simulation"	"Missing"	"docs\reports\chaos_test_report.md"
"10"	"10.5"	"Failover PR merged"	"Done"	""
"11"	"11.1"	"AI remediation"	"Done"	""
"11"	"11.2"	"Smart prioritization"	"Done"	""
"11"	"11.4"	"Notion/GitHub alerts"	"Done"	""
"12"	"12.3"	"Freeze version"	"Done"	""
"12"	"12.4"	"Ops handoff"	"Done"	""
