folder	orphans
D:\MAGIC\scripts\phase15\module_B	7
D:\MAGIC\scripts\phase12\module_A	7
D:\MAGIC\scripts\phase12\module_B	7
D:\MAGIC\scripts\phase17\module_C	6
D:\MAGIC\scripts\phase15\module_A	6
D:\MAGIC\scripts\phase15\module_C	6
D:\MAGIC\scripts\phase15\module_D	6
D:\MAGIC\scripts\phase15\module_E	6
D:\MAGIC\scripts\phase15\module_F	6
D:\MAGIC\scripts\phase15\module_G	6
D:\MAGIC\scripts\phase15\module_H	6
D:\MAGIC\scripts\phase15\module_I	6
D:\MAGIC\scripts\phase15\module_J	6
D:\MAGIC\scripts\phase12\module_C	6
D:\MAGIC\scripts\phase12\module_E	6
D:\MAGIC\scripts\phase17\module_A	5
D:\MAGIC\scripts\phase17\module_B	5
D:\MAGIC\scripts\phase17\module_D	5
D:\MAGIC\scripts\phase17\module_E	5
D:\MAGIC\scripts\phase12\module_F	5
D:\MAGIC\scripts\phase12\module_H	5
D:\MAGIC\scripts\phase12\module_I	5
D:\MAGIC\scripts\phase12\module_J	5
D:\MAGIC\scripts\phase12\module_K	5
D:\MAGIC\scripts\phase12\module_L	5
D:\MAGIC\scripts\phase12\module_M	5
D:\MAGIC\scripts\phase12\module_N	5
D:\MAGIC\scripts\phase12\module_O	5
D:\MAGIC\scripts\phase12\module_P	5
D:\MAGIC\scripts\phase12\module_Q	5
D:\MAGIC\scripts\phase12\module_R	5
D:\MAGIC\scripts\phase12\module_S	5
D:\MAGIC\scripts\phase10\module_D	5
D:\MAGIC\scripts\phase10\module_E	5
D:\MAGIC\scripts\phase10\module_F	5
D:\MAGIC\scripts\phase09\module_B	5
D:\MAGIC\scripts\phase09\module_D	5
D:\MAGIC\scripts\phase09\module_E	5
D:\MAGIC\scripts\phase16\module_A	4
D:\MAGIC\scripts\phase16\module_B	4
D:\MAGIC\scripts\phase16\module_C	4
D:\MAGIC\scripts\phase16\module_D	4
D:\MAGIC\scripts\phase16\module_E	4
D:\MAGIC\scripts\phase12\module_D	4
D:\MAGIC\scripts\phase12\module_G	4
D:\MAGIC\scripts\phase10\module_A	4
D:\MAGIC\scripts\phase10\module_B	4
D:\MAGIC\scripts\phase10\module_I	4
D:\MAGIC\scripts\phase10\module_J	4
D:\MAGIC\scripts\phase10\module_K	4
D:\MAGIC\scripts\phase10\module_L	4
D:\MAGIC\scripts\phase10\module_M	4
D:\MAGIC\scripts\phase10\module_N	4
D:\MAGIC\scripts\phase10\module_O	4
D:\MAGIC\scripts\phase10\module_P	4
D:\MAGIC\scripts\phase10\module_Q	4
D:\MAGIC\scripts\phase10\module_R	4
D:\MAGIC\scripts\phase10\module_S	4
D:\MAGIC\scripts\phase10\module_T	4
D:\MAGIC\scripts\phase10\module_U	4
D:\MAGIC\scripts\phase10\module_V	4
D:\MAGIC\scripts\phase10\module_W	4
D:\MAGIC\scripts\phase10\module_X	4
D:\MAGIC\scripts\phase10\module_Y	4
D:\MAGIC\scripts\phase10\module_Z	4
D:\MAGIC\scripts\phase09\module_A	4
D:\MAGIC\scripts\phase09\module_C	4
D:\MAGIC\scripts\phase06\module_E	4
D:\MAGIC\scripts\phase06\module_H	4
D:\MAGIC\scripts\phase01\module_H	4
D:\MAGIC\scripts\phase10\module_C	3
D:\MAGIC\scripts\phase10\module_G	3
D:\MAGIC\scripts\phase10\module_H	3
D:\MAGIC\scripts\phase09\module_F	3
D:\MAGIC\scripts\phase09\module_G	3
D:\MAGIC\scripts\phase09\module_H	3
D:\MAGIC\scripts\phase09\module_I	3
D:\MAGIC\scripts\phase09\module_J	3
D:\MAGIC\scripts\phase09\module_K	3
D:\MAGIC\scripts\phase08\module_A	3
D:\MAGIC\scripts\phase08\module_AA	3
D:\MAGIC\scripts\phase08\module_AB	3
D:\MAGIC\scripts\phase08\module_B	3
D:\MAGIC\scripts\phase08\module_C	3
D:\MAGIC\scripts\phase08\module_D	3
D:\MAGIC\scripts\phase08\module_E	3
D:\MAGIC\scripts\phase08\module_F	3
D:\MAGIC\scripts\phase08\module_G	3
D:\MAGIC\scripts\phase08\module_H	3
D:\MAGIC\scripts\phase08\module_I	3
D:\MAGIC\scripts\phase08\module_J	3
D:\MAGIC\scripts\phase08\module_K	3
D:\MAGIC\scripts\phase08\module_L	3
D:\MAGIC\scripts\phase08\module_M	3
D:\MAGIC\scripts\phase08\module_N	3
D:\MAGIC\scripts\phase08\module_O	3
D:\MAGIC\scripts\phase08\module_P	3
D:\MAGIC\scripts\phase08\module_Q	3
D:\MAGIC\scripts\phase08\module_R	3
D:\MAGIC\scripts\phase08\module_S	3
D:\MAGIC\scripts\phase08\module_T	3
D:\MAGIC\scripts\phase08\module_U	3
D:\MAGIC\scripts\phase08\module_V	3
D:\MAGIC\scripts\phase08\module_W	3
D:\MAGIC\scripts\phase08\module_X	3
D:\MAGIC\scripts\phase08\module_Y	3
D:\MAGIC\scripts\phase08\module_Z	3
D:\MAGIC\scripts\phase07\module_A	3
D:\MAGIC\scripts\phase07\module_B	3
D:\MAGIC\scripts\phase07\module_C	3
D:\MAGIC\scripts\phase06\module_C	3
D:\MAGIC\scripts\phase06\module_F	3
D:\MAGIC\scripts\phase06\module_G	3
D:\MAGIC\scripts\phase01\module_A	3
D:\MAGIC\scripts\phase01\module_B	3
D:\MAGIC\scripts\phase01\module_D	3
D:\MAGIC\scripts\phase01\module_E	3
D:\MAGIC\scripts\phase01\module_F	3
D:\MAGIC\scripts\phase01\module_G	3
D:\MAGIC\scripts\phase01\module_I	3
D:\MAGIC\scripts\phase06\module_A	2
D:\MAGIC\scripts\phase06\module_I	2
D:\MAGIC\scripts\phase06\module_J	2
D:\MAGIC\scripts\phase06\module_K	2
D:\MAGIC\scripts\phase06\module_L	2
D:\MAGIC\scripts\phase06\module_M	2
D:\MAGIC\scripts\phase06\module_N	2
D:\MAGIC\scripts\phase06\module_O	2
D:\MAGIC\scripts\phase06\module_P	2
D:\MAGIC\scripts\phase06\module_Q	2
D:\MAGIC\scripts\phase06\module_R	2
D:\MAGIC\scripts\phase06\module_S	2
D:\MAGIC\scripts\phase06\module_T	2
D:\MAGIC\scripts\phase06\module_U	2
D:\MAGIC\scripts\phase06\module_V	2
D:\MAGIC\scripts\phase06\module_W	2
D:\MAGIC\scripts\phase06\module_X	2
D:\MAGIC\scripts\phase06\module_Y	2
D:\MAGIC\scripts\phase06\module_Z	2
D:\MAGIC\scripts\phase01\module_C	2
D:\MAGIC\scripts\phase0\module_A	2
D:\MAGIC\scripts\phase99\module_ZZ	1
D:\MAGIC\scripts\phase9\module_A	1
D:\MAGIC\scripts\phase9\module_B	1
D:\MAGIC\scripts\phase9\module_C	1
D:\MAGIC\scripts\phase9\module_D	1
D:\MAGIC\scripts\phase9\module_E	1
D:\MAGIC\scripts\phase9\module_F	1
D:\MAGIC\scripts\phase9\module_G	1
D:\MAGIC\scripts\phase9\module_H	1
D:\MAGIC\scripts\phase9\module_I	1
D:\MAGIC\scripts\phase9\module_J	1
D:\MAGIC\scripts\phase9\module_K	1
D:\MAGIC\scripts\phase9\module_L	1
D:\MAGIC\scripts\phase9\module_M	1
D:\MAGIC\scripts\phase9\module_N	1
D:\MAGIC\scripts\phase9\module_O	1
D:\MAGIC\scripts\phase9\module_P	1
D:\MAGIC\scripts\phase9\module_Q	1
D:\MAGIC\scripts\phase9\module_R	1
D:\MAGIC\scripts\phase9\module_S	1
D:\MAGIC\scripts\phase9\module_T	1
D:\MAGIC\scripts\phase9\module_U	1
D:\MAGIC\scripts\phase9\module_V	1
D:\MAGIC\scripts\phase9\module_W	1
D:\MAGIC\scripts\phase9\module_X	1
D:\MAGIC\scripts\phase9\module_Y	1
D:\MAGIC\scripts\phase9\module_Z	1
D:\MAGIC\scripts\phase8\module_A	1
D:\MAGIC\scripts\phase8\module_B	1
D:\MAGIC\scripts\phase8\module_C	1
D:\MAGIC\scripts\phase8\module_D	1
D:\MAGIC\scripts\phase8\module_E	1
D:\MAGIC\scripts\phase8\module_F	1
D:\MAGIC\scripts\phase8\module_G	1
D:\MAGIC\scripts\phase8\module_H	1
D:\MAGIC\scripts\phase8\module_I	1
D:\MAGIC\scripts\phase8\module_J	1
D:\MAGIC\scripts\phase8\module_K	1
D:\MAGIC\scripts\phase8\module_L	1
D:\MAGIC\scripts\phase8\module_M	1
D:\MAGIC\scripts\phase8\module_N	1
D:\MAGIC\scripts\phase8\module_O	1
D:\MAGIC\scripts\phase8\module_P	1
D:\MAGIC\scripts\phase8\module_Q	1
D:\MAGIC\scripts\phase8\module_R	1
D:\MAGIC\scripts\phase8\module_S	1
D:\MAGIC\scripts\phase8\module_T	1
D:\MAGIC\scripts\phase8\module_U	1
D:\MAGIC\scripts\phase8\module_V	1
D:\MAGIC\scripts\phase8\module_W	1
D:\MAGIC\scripts\phase8\module_X	1
D:\MAGIC\scripts\phase8\module_Y	1
D:\MAGIC\scripts\phase8\module_Z	1
D:\MAGIC\scripts\phase7\module_A	1
D:\MAGIC\scripts\phase7\module_B	1
D:\MAGIC\scripts\phase7\module_C	1
D:\MAGIC\scripts\phase7\module_D	1
D:\MAGIC\scripts\phase7\module_E	1
D:\MAGIC\scripts\phase7\module_F	1
D:\MAGIC\scripts\phase7\module_G	1
D:\MAGIC\scripts\phase7\module_H	1
D:\MAGIC\scripts\phase7\module_I	1
D:\MAGIC\scripts\phase7\module_J	1
D:\MAGIC\scripts\phase7\module_K	1
D:\MAGIC\scripts\phase7\module_L	1
D:\MAGIC\scripts\phase7\module_M	1
D:\MAGIC\scripts\phase7\module_N	1
D:\MAGIC\scripts\phase7\module_O	1
D:\MAGIC\scripts\phase7\module_P	1
D:\MAGIC\scripts\phase7\module_Q	1
D:\MAGIC\scripts\phase7\module_R	1
D:\MAGIC\scripts\phase7\module_S	1
D:\MAGIC\scripts\phase7\module_T	1
D:\MAGIC\scripts\phase7\module_U	1
D:\MAGIC\scripts\phase7\module_V	1
D:\MAGIC\scripts\phase7\module_W	1
D:\MAGIC\scripts\phase7\module_X	1
D:\MAGIC\scripts\phase7\module_Y	1
D:\MAGIC\scripts\phase7\module_Z	1
D:\MAGIC\scripts\phase6\module_A	1
D:\MAGIC\scripts\phase6\module_B	1
D:\MAGIC\scripts\phase6\module_C	1
D:\MAGIC\scripts\phase6\module_D	1
D:\MAGIC\scripts\phase6\module_E	1
D:\MAGIC\scripts\phase6\module_F	1
D:\MAGIC\scripts\phase6\module_G	1
D:\MAGIC\scripts\phase6\module_H	1
D:\MAGIC\scripts\phase6\module_I	1
D:\MAGIC\scripts\phase6\module_J	1
D:\MAGIC\scripts\phase6\module_K	1
D:\MAGIC\scripts\phase6\module_L	1
D:\MAGIC\scripts\phase6\module_M	1
D:\MAGIC\scripts\phase6\module_N	1
D:\MAGIC\scripts\phase6\module_O	1
D:\MAGIC\scripts\phase6\module_P	1
D:\MAGIC\scripts\phase6\module_Q	1
D:\MAGIC\scripts\phase6\module_R	1
D:\MAGIC\scripts\phase6\module_S	1
D:\MAGIC\scripts\phase6\module_T	1
D:\MAGIC\scripts\phase6\module_U	1
D:\MAGIC\scripts\phase6\module_V	1
D:\MAGIC\scripts\phase6\module_W	1
D:\MAGIC\scripts\phase6\module_X	1
D:\MAGIC\scripts\phase6\module_Y	1
D:\MAGIC\scripts\phase6\module_Z	1
D:\MAGIC\scripts\phase5\module_A	1
D:\MAGIC\scripts\phase5\module_B	1
D:\MAGIC\scripts\phase5\module_C	1
D:\MAGIC\scripts\phase5\module_D	1
D:\MAGIC\scripts\phase5\module_E	1
D:\MAGIC\scripts\phase5\module_F	1
D:\MAGIC\scripts\phase5\module_G	1
D:\MAGIC\scripts\phase5\module_H	1
D:\MAGIC\scripts\phase5\module_I	1
D:\MAGIC\scripts\phase5\module_J	1
D:\MAGIC\scripts\phase5\module_K	1
D:\MAGIC\scripts\phase5\module_L	1
D:\MAGIC\scripts\phase5\module_M	1
D:\MAGIC\scripts\phase5\module_N	1
D:\MAGIC\scripts\phase5\module_O	1
D:\MAGIC\scripts\phase5\module_P	1
D:\MAGIC\scripts\phase5\module_Q	1
D:\MAGIC\scripts\phase5\module_R	1
D:\MAGIC\scripts\phase5\module_S	1
D:\MAGIC\scripts\phase5\module_T	1
D:\MAGIC\scripts\phase5\module_U	1
D:\MAGIC\scripts\phase5\module_V	1
D:\MAGIC\scripts\phase5\module_W	1
D:\MAGIC\scripts\phase5\module_X	1
D:\MAGIC\scripts\phase5\module_Y	1
D:\MAGIC\scripts\phase5\module_Z	1
D:\MAGIC\scripts\phase4\module_A	1
D:\MAGIC\scripts\phase4\module_B	1
D:\MAGIC\scripts\phase4\module_C	1
D:\MAGIC\scripts\phase4\module_D	1
D:\MAGIC\scripts\phase4\module_E	1
D:\MAGIC\scripts\phase4\module_F	1
D:\MAGIC\scripts\phase4\module_G	1
D:\MAGIC\scripts\phase4\module_H	1
D:\MAGIC\scripts\phase4\module_I	1
D:\MAGIC\scripts\phase4\module_J	1
D:\MAGIC\scripts\phase4\module_K	1
D:\MAGIC\scripts\phase4\module_L	1
D:\MAGIC\scripts\phase4\module_M	1
D:\MAGIC\scripts\phase4\module_N	1
D:\MAGIC\scripts\phase4\module_O	1
D:\MAGIC\scripts\phase4\module_P	1
D:\MAGIC\scripts\phase4\module_Q	1
D:\MAGIC\scripts\phase4\module_R	1
D:\MAGIC\scripts\phase4\module_S	1
D:\MAGIC\scripts\phase4\module_T	1
D:\MAGIC\scripts\phase4\module_U	1
D:\MAGIC\scripts\phase4\module_V	1
D:\MAGIC\scripts\phase4\module_W	1
D:\MAGIC\scripts\phase4\module_X	1
D:\MAGIC\scripts\phase4\module_Y	1
D:\MAGIC\scripts\phase4\module_Z	1
D:\MAGIC\scripts\phase3\module_A	1
D:\MAGIC\scripts\phase3\module_B	1
D:\MAGIC\scripts\phase3\module_C	1
D:\MAGIC\scripts\phase3\module_D	1
D:\MAGIC\scripts\phase3\module_E	1
D:\MAGIC\scripts\phase3\module_F	1
D:\MAGIC\scripts\phase3\module_G	1
D:\MAGIC\scripts\phase3\module_H	1
D:\MAGIC\scripts\phase3\module_I	1
D:\MAGIC\scripts\phase3\module_J	1
D:\MAGIC\scripts\phase3\module_K	1
D:\MAGIC\scripts\phase3\module_L	1
D:\MAGIC\scripts\phase3\module_M	1
D:\MAGIC\scripts\phase3\module_N	1
D:\MAGIC\scripts\phase3\module_O	1
D:\MAGIC\scripts\phase3\module_P	1
D:\MAGIC\scripts\phase3\module_Q	1
D:\MAGIC\scripts\phase3\module_R	1
D:\MAGIC\scripts\phase3\module_S	1
D:\MAGIC\scripts\phase3\module_T	1
D:\MAGIC\scripts\phase3\module_U	1
D:\MAGIC\scripts\phase3\module_V	1
D:\MAGIC\scripts\phase3\module_W	1
D:\MAGIC\scripts\phase3\module_X	1
D:\MAGIC\scripts\phase3\module_Y	1
D:\MAGIC\scripts\phase3\module_Z	1
D:\MAGIC\scripts\phase2\module_A	1
D:\MAGIC\scripts\phase2\module_B	1
D:\MAGIC\scripts\phase2\module_C	1
D:\MAGIC\scripts\phase2\module_D	1
D:\MAGIC\scripts\phase2\module_E	1
D:\MAGIC\scripts\phase2\module_F	1
D:\MAGIC\scripts\phase2\module_G	1
D:\MAGIC\scripts\phase2\module_H	1
D:\MAGIC\scripts\phase2\module_I	1
D:\MAGIC\scripts\phase2\module_J	1
D:\MAGIC\scripts\phase2\module_K	1
D:\MAGIC\scripts\phase2\module_L	1
D:\MAGIC\scripts\phase2\module_M	1
D:\MAGIC\scripts\phase2\module_N	1
D:\MAGIC\scripts\phase2\module_O	1
D:\MAGIC\scripts\phase2\module_P	1
D:\MAGIC\scripts\phase2\module_Q	1
D:\MAGIC\scripts\phase2\module_R	1
D:\MAGIC\scripts\phase2\module_S	1
D:\MAGIC\scripts\phase2\module_T	1
D:\MAGIC\scripts\phase2\module_U	1
D:\MAGIC\scripts\phase2\module_V	1
D:\MAGIC\scripts\phase2\module_W	1
D:\MAGIC\scripts\phase2\module_X	1
D:\MAGIC\scripts\phase2\module_Y	1
D:\MAGIC\scripts\phase2\module_Z	1
D:\MAGIC\scripts\phase17\module_F	1
D:\MAGIC\scripts\phase17\module_G	1
D:\MAGIC\scripts\phase17\module_H	1
D:\MAGIC\scripts\phase17\module_I	1
D:\MAGIC\scripts\phase17\module_J	1
D:\MAGIC\scripts\phase17\module_K	1
D:\MAGIC\scripts\phase17\module_L	1
D:\MAGIC\scripts\phase17\module_M	1
D:\MAGIC\scripts\phase17\module_N	1
D:\MAGIC\scripts\phase17\module_O	1
D:\MAGIC\scripts\phase17\module_P	1
D:\MAGIC\scripts\phase17\module_Q	1
D:\MAGIC\scripts\phase17\module_R	1
D:\MAGIC\scripts\phase17\module_S	1
D:\MAGIC\scripts\phase17\module_T	1
D:\MAGIC\scripts\phase17\module_U	1
D:\MAGIC\scripts\phase17\module_V	1
D:\MAGIC\scripts\phase17\module_W	1
D:\MAGIC\scripts\phase17\module_X	1
D:\MAGIC\scripts\phase17\module_Y	1
D:\MAGIC\scripts\phase17\module_Z	1
D:\MAGIC\scripts\phase16\module_F	1
D:\MAGIC\scripts\phase16\module_G	1
D:\MAGIC\scripts\phase16\module_H	1
D:\MAGIC\scripts\phase16\module_I	1
D:\MAGIC\scripts\phase16\module_J	1
D:\MAGIC\scripts\phase16\module_K	1
D:\MAGIC\scripts\phase16\module_L	1
D:\MAGIC\scripts\phase16\module_M	1
D:\MAGIC\scripts\phase16\module_N	1
D:\MAGIC\scripts\phase16\module_O	1
D:\MAGIC\scripts\phase16\module_P	1
D:\MAGIC\scripts\phase16\module_Q	1
D:\MAGIC\scripts\phase16\module_R	1
D:\MAGIC\scripts\phase16\module_S	1
D:\MAGIC\scripts\phase16\module_T	1
D:\MAGIC\scripts\phase16\module_U	1
D:\MAGIC\scripts\phase16\module_V	1
D:\MAGIC\scripts\phase16\module_W	1
D:\MAGIC\scripts\phase16\module_X	1
D:\MAGIC\scripts\phase16\module_Y	1
D:\MAGIC\scripts\phase16\module_Z	1
D:\MAGIC\scripts\phase15\module_K	1
D:\MAGIC\scripts\phase15\module_L	1
D:\MAGIC\scripts\phase15\module_M	1
D:\MAGIC\scripts\phase15\module_N	1
D:\MAGIC\scripts\phase15\module_O	1
D:\MAGIC\scripts\phase15\module_P	1
D:\MAGIC\scripts\phase15\module_Q	1
D:\MAGIC\scripts\phase15\module_R	1
D:\MAGIC\scripts\phase15\module_S	1
D:\MAGIC\scripts\phase15\module_T	1
D:\MAGIC\scripts\phase15\module_U	1
D:\MAGIC\scripts\phase15\module_V	1
D:\MAGIC\scripts\phase15\module_W	1
D:\MAGIC\scripts\phase15\module_X	1
D:\MAGIC\scripts\phase15\module_Y	1
D:\MAGIC\scripts\phase15\module_Z	1
D:\MAGIC\scripts\phase12\module_T	1
D:\MAGIC\scripts\phase12\module_U	1
D:\MAGIC\scripts\phase12\module_V	1
D:\MAGIC\scripts\phase12\module_W	1
D:\MAGIC\scripts\phase12\module_X	1
D:\MAGIC\scripts\phase12\module_Y	1
D:\MAGIC\scripts\phase12\module_Z	1
D:\MAGIC\scripts\phase1\module_A	1
D:\MAGIC\scripts\phase1\module_B	1
D:\MAGIC\scripts\phase1\module_C	1
D:\MAGIC\scripts\phase1\module_D	1
D:\MAGIC\scripts\phase1\module_E	1
D:\MAGIC\scripts\phase1\module_F	1
D:\MAGIC\scripts\phase1\module_G	1
D:\MAGIC\scripts\phase1\module_H	1
D:\MAGIC\scripts\phase1\module_I	1
D:\MAGIC\scripts\phase1\module_J	1
D:\MAGIC\scripts\phase1\module_K	1
D:\MAGIC\scripts\phase1\module_L	1
D:\MAGIC\scripts\phase1\module_M	1
D:\MAGIC\scripts\phase1\module_N	1
D:\MAGIC\scripts\phase1\module_O	1
D:\MAGIC\scripts\phase1\module_P	1
D:\MAGIC\scripts\phase1\module_Q	1
D:\MAGIC\scripts\phase1\module_R	1
D:\MAGIC\scripts\phase1\module_S	1
D:\MAGIC\scripts\phase1\module_T	1
D:\MAGIC\scripts\phase1\module_U	1
D:\MAGIC\scripts\phase1\module_V	1
D:\MAGIC\scripts\phase1\module_W	1
D:\MAGIC\scripts\phase1\module_X	1
D:\MAGIC\scripts\phase1\module_Y	1
D:\MAGIC\scripts\phase1\module_Z	1
D:\MAGIC\scripts\phase06\module_B	1
D:\MAGIC\scripts\phase06\module_D	1
D:\MAGIC\scripts\phase0\module_B	1
D:\MAGIC\scripts\phase0\module_C	1
D:\MAGIC\scripts\phase0\module_D	1
D:\MAGIC\scripts\phase0\module_E	1
D:\MAGIC\scripts\phase0\module_F	1
D:\MAGIC\scripts\phase0\module_G	1
D:\MAGIC\scripts\phase0\module_H	1
D:\MAGIC\scripts\phase0\module_I	1
D:\MAGIC\scripts\phase0\module_J	1
D:\MAGIC\scripts\phase0\module_K	1
D:\MAGIC\scripts\phase0\module_L	1
D:\MAGIC\scripts\phase0\module_M	1
D:\MAGIC\scripts\phase0\module_N	1
D:\MAGIC\scripts\phase0\module_O	1
D:\MAGIC\scripts\phase0\module_P	1
D:\MAGIC\scripts\phase0\module_Q	1
D:\MAGIC\scripts\phase0\module_R	1
D:\MAGIC\scripts\phase0\module_S	1
D:\MAGIC\scripts\phase0\module_T	1
D:\MAGIC\scripts\phase0\module_U	1
D:\MAGIC\scripts\phase0\module_V	1
D:\MAGIC\scripts\phase0\module_W	1
D:\MAGIC\scripts\phase0\module_X	1
D:\MAGIC\scripts\phase0\module_Y	1
D:\MAGIC\scripts\phase0\module_Z	1
D:\MAGIC\scripts\data\user_prefs	1
D:\MAGIC\scripts\.github\workflows	1
