"phase"	"module"	"status"	"files"
"0"	"A"	"System.Object[]"	""
"0"	"B"	"System.Object[]"	""
"0"	"C"	"System.Object[]"	""
"0"	"D"	"System.Object[]"	""
"0"	"E"	"System.Object[]"	""
"0"	"F"	"System.Object[]"	""
"0"	"G"	"System.Object[]"	""
"0"	"H"	"System.Object[]"	""
"0"	"I"	"System.Object[]"	""
"0"	"J"	"System.Object[]"	""
"0"	"K"	"System.Object[]"	""
"0"	"L"	"System.Object[]"	""
"0"	"M"	"System.Object[]"	""
"0"	"N"	"System.Object[]"	""
"0"	"O"	"System.Object[]"	""
"0"	"P"	"System.Object[]"	""
"0"	"Q"	"System.Object[]"	""
"0"	"R"	"System.Object[]"	""
"0"	"S"	"System.Object[]"	""
"0"	"T"	"System.Object[]"	""
"0"	"U"	"System.Object[]"	""
"0"	"V"	"System.Object[]"	""
"0"	"W"	"System.Object[]"	""
"0"	"X"	"System.Object[]"	""
"0"	"Y"	"System.Object[]"	""
"0"	"Z"	"System.Object[]"	""
"1"	"A"	"System.Object[]"	""
"1"	"B"	"System.Object[]"	""
"1"	"C"	"System.Object[]"	""
"1"	"D"	"System.Object[]"	""
"1"	"E"	"System.Object[]"	""
"1"	"F"	"System.Object[]"	""
"1"	"G"	"System.Object[]"	""
"1"	"H"	"System.Object[]"	""
"1"	"I"	"System.Object[]"	""
"1"	"J"	"System.Object[]"	""
"1"	"K"	"System.Object[]"	""
"1"	"L"	"System.Object[]"	""
"1"	"M"	"System.Object[]"	""
"1"	"N"	"System.Object[]"	""
"1"	"O"	"System.Object[]"	""
"1"	"P"	"System.Object[]"	""
"1"	"Q"	"System.Object[]"	""
"1"	"R"	"System.Object[]"	""
"1"	"S"	"System.Object[]"	""
"1"	"T"	"System.Object[]"	""
"1"	"U"	"System.Object[]"	""
"1"	"V"	"System.Object[]"	""
"1"	"W"	"System.Object[]"	""
"1"	"X"	"System.Object[]"	""
"1"	"Y"	"System.Object[]"	""
"1"	"Z"	"System.Object[]"	""
"2"	"A"	"System.Object[]"	""
"2"	"B"	"System.Object[]"	""
"2"	"C"	"System.Object[]"	""
"2"	"D"	"System.Object[]"	""
"2"	"E"	"System.Object[]"	""
"2"	"F"	"System.Object[]"	""
"2"	"G"	"System.Object[]"	""
"2"	"H"	"System.Object[]"	""
"2"	"I"	"System.Object[]"	""
"2"	"J"	"System.Object[]"	""
"2"	"K"	"System.Object[]"	""
"2"	"L"	"System.Object[]"	""
"2"	"M"	"System.Object[]"	""
"2"	"N"	"System.Object[]"	""
"2"	"O"	"System.Object[]"	""
"2"	"P"	"System.Object[]"	""
"2"	"Q"	"System.Object[]"	""
"2"	"R"	"System.Object[]"	""
"2"	"S"	"System.Object[]"	""
"2"	"T"	"System.Object[]"	""
"2"	"U"	"System.Object[]"	""
"2"	"V"	"System.Object[]"	""
"2"	"W"	"System.Object[]"	""
"2"	"X"	"System.Object[]"	""
"2"	"Y"	"System.Object[]"	""
"2"	"Z"	"System.Object[]"	""
"3"	"A"	"System.Object[]"	""
"3"	"B"	"System.Object[]"	""
"3"	"C"	"System.Object[]"	""
"3"	"D"	"System.Object[]"	""
"3"	"E"	"System.Object[]"	""
"3"	"F"	"System.Object[]"	""
"3"	"G"	"System.Object[]"	""
"3"	"H"	"System.Object[]"	""
"3"	"I"	"System.Object[]"	""
"3"	"J"	"System.Object[]"	""
"3"	"K"	"System.Object[]"	""
"3"	"L"	"System.Object[]"	""
"3"	"M"	"System.Object[]"	""
"3"	"N"	"System.Object[]"	""
"3"	"O"	"System.Object[]"	""
"3"	"P"	"System.Object[]"	""
"3"	"Q"	"System.Object[]"	""
"3"	"R"	"System.Object[]"	""
"3"	"S"	"System.Object[]"	""
"3"	"T"	"System.Object[]"	""
"3"	"U"	"System.Object[]"	""
"3"	"V"	"System.Object[]"	""
"3"	"W"	"System.Object[]"	""
"3"	"X"	"System.Object[]"	""
"3"	"Y"	"System.Object[]"	""
"3"	"Z"	"System.Object[]"	""
"4"	"A"	"System.Object[]"	""
"4"	"B"	"System.Object[]"	""
"4"	"C"	"System.Object[]"	""
"4"	"D"	"System.Object[]"	""
"4"	"E"	"System.Object[]"	""
"4"	"F"	"System.Object[]"	""
"4"	"G"	"System.Object[]"	""
"4"	"H"	"System.Object[]"	""
"4"	"I"	"System.Object[]"	""
"4"	"J"	"System.Object[]"	""
"4"	"K"	"System.Object[]"	""
"4"	"L"	"System.Object[]"	""
"4"	"M"	"System.Object[]"	""
"4"	"N"	"System.Object[]"	""
"4"	"O"	"System.Object[]"	""
"4"	"P"	"System.Object[]"	""
"4"	"Q"	"System.Object[]"	""
"4"	"R"	"System.Object[]"	""
"4"	"S"	"System.Object[]"	""
"4"	"T"	"System.Object[]"	""
"4"	"U"	"System.Object[]"	""
"4"	"V"	"System.Object[]"	""
"4"	"W"	"System.Object[]"	""
"4"	"X"	"System.Object[]"	""
"4"	"Y"	"System.Object[]"	""
"4"	"Z"	"System.Object[]"	""
"5"	"A"	"System.Object[]"	""
"5"	"B"	"System.Object[]"	""
"5"	"C"	"System.Object[]"	""
"5"	"D"	"System.Object[]"	""
"5"	"E"	"System.Object[]"	""
"5"	"F"	"System.Object[]"	""
"5"	"G"	"System.Object[]"	""
"5"	"H"	"System.Object[]"	""
"5"	"I"	"System.Object[]"	""
"5"	"J"	"System.Object[]"	""
"5"	"K"	"System.Object[]"	""
"5"	"L"	"System.Object[]"	""
"5"	"M"	"System.Object[]"	""
"5"	"N"	"System.Object[]"	""
"5"	"O"	"System.Object[]"	""
"5"	"P"	"System.Object[]"	""
"5"	"Q"	"System.Object[]"	""
"5"	"R"	"System.Object[]"	""
"5"	"S"	"System.Object[]"	""
"5"	"T"	"System.Object[]"	""
"5"	"U"	"System.Object[]"	""
"5"	"V"	"System.Object[]"	""
"5"	"W"	"System.Object[]"	""
"5"	"X"	"System.Object[]"	""
"5"	"Y"	"System.Object[]"	""
"5"	"Z"	"System.Object[]"	""
"6"	"A"	"System.Object[]"	""
"6"	"B"	"System.Object[]"	""
"6"	"C"	"System.Object[]"	""
"6"	"D"	"System.Object[]"	""
"6"	"E"	"System.Object[]"	""
"6"	"F"	"System.Object[]"	""
"6"	"G"	"System.Object[]"	""
"6"	"H"	"System.Object[]"	""
"6"	"I"	"System.Object[]"	""
"6"	"J"	"System.Object[]"	""
"6"	"K"	"System.Object[]"	""
"6"	"L"	"System.Object[]"	""
"6"	"M"	"System.Object[]"	""
"6"	"N"	"System.Object[]"	""
"6"	"O"	"System.Object[]"	""
"6"	"P"	"System.Object[]"	""
"6"	"Q"	"System.Object[]"	""
"6"	"R"	"System.Object[]"	""
"6"	"S"	"System.Object[]"	""
"6"	"T"	"System.Object[]"	""
"6"	"U"	"System.Object[]"	""
"6"	"V"	"System.Object[]"	""
"6"	"W"	"System.Object[]"	""
"6"	"X"	"System.Object[]"	""
"6"	"Y"	"System.Object[]"	""
"6"	"Z"	"System.Object[]"	""
"7"	"A"	"System.Object[]"	""
"7"	"B"	"System.Object[]"	""
"7"	"C"	"System.Object[]"	""
"7"	"D"	"System.Object[]"	""
"7"	"E"	"System.Object[]"	""
"7"	"F"	"System.Object[]"	""
"7"	"G"	"System.Object[]"	""
"7"	"H"	"System.Object[]"	""
"7"	"I"	"System.Object[]"	""
"7"	"J"	"System.Object[]"	""
"7"	"K"	"System.Object[]"	""
"7"	"L"	"System.Object[]"	""
"7"	"M"	"System.Object[]"	""
"7"	"N"	"System.Object[]"	""
"7"	"O"	"System.Object[]"	""
"7"	"P"	"System.Object[]"	""
"7"	"Q"	"System.Object[]"	""
"7"	"R"	"System.Object[]"	""
"7"	"S"	"System.Object[]"	""
"7"	"T"	"System.Object[]"	""
"7"	"U"	"System.Object[]"	""
"7"	"V"	"System.Object[]"	""
"7"	"W"	"System.Object[]"	""
"7"	"X"	"System.Object[]"	""
"7"	"Y"	"System.Object[]"	""
"7"	"Z"	"System.Object[]"	""
"8"	"A"	"System.Object[]"	""
"8"	"B"	"System.Object[]"	""
"8"	"C"	"System.Object[]"	""
"8"	"D"	"System.Object[]"	""
"8"	"E"	"System.Object[]"	""
"8"	"F"	"System.Object[]"	""
"8"	"G"	"System.Object[]"	""
"8"	"H"	"System.Object[]"	""
"8"	"I"	"System.Object[]"	""
"8"	"J"	"System.Object[]"	""
"8"	"K"	"System.Object[]"	""
"8"	"L"	"System.Object[]"	""
"8"	"M"	"System.Object[]"	""
"8"	"N"	"System.Object[]"	""
"8"	"O"	"System.Object[]"	""
"8"	"P"	"System.Object[]"	""
"8"	"Q"	"System.Object[]"	""
"8"	"R"	"System.Object[]"	""
"8"	"S"	"System.Object[]"	""
"8"	"T"	"System.Object[]"	""
"8"	"U"	"System.Object[]"	""
"8"	"V"	"System.Object[]"	""
"8"	"W"	"System.Object[]"	""
"8"	"X"	"System.Object[]"	""
"8"	"Y"	"System.Object[]"	""
"8"	"Z"	"System.Object[]"	""
"9"	"A"	"System.Object[]"	""
"9"	"B"	"System.Object[]"	""
"9"	"C"	"System.Object[]"	""
"9"	"D"	"System.Object[]"	""
"9"	"E"	"System.Object[]"	""
"9"	"F"	"System.Object[]"	""
"9"	"G"	"System.Object[]"	""
"9"	"H"	"System.Object[]"	""
"9"	"I"	"System.Object[]"	""
"9"	"J"	"System.Object[]"	""
"9"	"K"	"System.Object[]"	""
"9"	"L"	"System.Object[]"	""
"9"	"M"	"System.Object[]"	""
"9"	"N"	"System.Object[]"	""
"9"	"O"	"System.Object[]"	""
"9"	"P"	"System.Object[]"	""
"9"	"Q"	"System.Object[]"	""
"9"	"R"	"System.Object[]"	""
"9"	"S"	"System.Object[]"	""
"9"	"T"	"System.Object[]"	""
"9"	"U"	"System.Object[]"	""
"9"	"V"	"System.Object[]"	""
"9"	"W"	"System.Object[]"	""
"9"	"X"	"System.Object[]"	""
"9"	"Y"	"System.Object[]"	""
"9"	"Z"	"System.Object[]"	""
"10"	"A"	"System.Object[]"	""
"10"	"B"	"System.Object[]"	""
"10"	"C"	"System.Object[]"	""
"10"	"D"	"System.Object[]"	""
"10"	"E"	"System.Object[]"	""
"10"	"F"	"System.Object[]"	""
"10"	"G"	"System.Object[]"	""
"10"	"H"	"System.Object[]"	""
"10"	"I"	"System.Object[]"	""
"10"	"J"	"System.Object[]"	""
"10"	"K"	"System.Object[]"	""
"10"	"L"	"System.Object[]"	""
"10"	"M"	"System.Object[]"	""
"10"	"N"	"System.Object[]"	""
"10"	"O"	"System.Object[]"	""
"10"	"P"	"System.Object[]"	""
"10"	"Q"	"System.Object[]"	""
"10"	"R"	"System.Object[]"	""
"10"	"S"	"System.Object[]"	""
"10"	"T"	"System.Object[]"	""
"10"	"U"	"System.Object[]"	""
"10"	"V"	"System.Object[]"	""
"10"	"W"	"System.Object[]"	""
"10"	"X"	"System.Object[]"	""
"10"	"Y"	"System.Object[]"	""
"10"	"Z"	"System.Object[]"	""
"11"	"A"	"System.Object[]"	""
"11"	"B"	"System.Object[]"	""
"11"	"C"	"System.Object[]"	""
"11"	"D"	"System.Object[]"	""
"11"	"E"	"System.Object[]"	""
"11"	"F"	"System.Object[]"	""
"11"	"G"	"System.Object[]"	""
"11"	"H"	"System.Object[]"	""
"11"	"I"	"System.Object[]"	""
"11"	"J"	"System.Object[]"	""
"11"	"K"	"System.Object[]"	""
"11"	"L"	"System.Object[]"	""
"11"	"M"	"System.Object[]"	""
"11"	"N"	"System.Object[]"	""
"11"	"O"	"System.Object[]"	""
"11"	"P"	"System.Object[]"	""
"11"	"Q"	"System.Object[]"	""
"11"	"R"	"System.Object[]"	""
"11"	"S"	"System.Object[]"	""
"11"	"T"	"System.Object[]"	""
"11"	"U"	"System.Object[]"	""
"11"	"V"	"System.Object[]"	""
"11"	"W"	"System.Object[]"	""
"11"	"X"	"System.Object[]"	""
"11"	"Y"	"System.Object[]"	""
"11"	"Z"	"System.Object[]"	""
"12"	"A"	"System.Object[]"	""
"12"	"B"	"System.Object[]"	""
"12"	"C"	"System.Object[]"	""
"12"	"D"	"System.Object[]"	""
"12"	"E"	"System.Object[]"	""
"12"	"F"	"System.Object[]"	""
"12"	"G"	"System.Object[]"	""
"12"	"H"	"System.Object[]"	""
"12"	"I"	"System.Object[]"	""
"12"	"J"	"System.Object[]"	""
"12"	"K"	"System.Object[]"	""
"12"	"L"	"System.Object[]"	""
"12"	"M"	"System.Object[]"	""
"12"	"N"	"System.Object[]"	""
"12"	"O"	"System.Object[]"	""
"12"	"P"	"System.Object[]"	""
"12"	"Q"	"System.Object[]"	""
"12"	"R"	"System.Object[]"	""
"12"	"S"	"System.Object[]"	""
"12"	"T"	"System.Object[]"	""
"12"	"U"	"System.Object[]"	""
"12"	"V"	"System.Object[]"	""
"12"	"W"	"System.Object[]"	""
"12"	"X"	"System.Object[]"	""
"12"	"Y"	"System.Object[]"	""
"12"	"Z"	"System.Object[]"	""
"13"	"A"	"System.Object[]"	""
"13"	"B"	"System.Object[]"	""
"13"	"C"	"System.Object[]"	""
"13"	"D"	"System.Object[]"	""
"13"	"E"	"System.Object[]"	""
"13"	"F"	"System.Object[]"	""
"13"	"G"	"System.Object[]"	""
"13"	"H"	"System.Object[]"	""
"13"	"I"	"System.Object[]"	""
"13"	"J"	"System.Object[]"	""
"13"	"K"	"System.Object[]"	""
"13"	"L"	"System.Object[]"	""
"13"	"M"	"System.Object[]"	""
"13"	"N"	"System.Object[]"	""
"13"	"O"	"System.Object[]"	""
"13"	"P"	"System.Object[]"	""
"13"	"Q"	"System.Object[]"	""
"13"	"R"	"System.Object[]"	""
"13"	"S"	"System.Object[]"	""
"13"	"T"	"System.Object[]"	""
"13"	"U"	"System.Object[]"	""
"13"	"V"	"System.Object[]"	""
"13"	"W"	"System.Object[]"	""
"13"	"X"	"System.Object[]"	""
"13"	"Y"	"System.Object[]"	""
"13"	"Z"	"System.Object[]"	""
"14"	"A"	"System.Object[]"	""
"14"	"B"	"System.Object[]"	""
"14"	"C"	"System.Object[]"	""
"14"	"D"	"System.Object[]"	""
"14"	"E"	"System.Object[]"	""
"14"	"F"	"System.Object[]"	""
"14"	"G"	"System.Object[]"	""
"14"	"H"	"System.Object[]"	""
"14"	"I"	"System.Object[]"	""
"14"	"J"	"System.Object[]"	""
"14"	"K"	"System.Object[]"	""
"14"	"L"	"System.Object[]"	""
"14"	"M"	"System.Object[]"	""
"14"	"N"	"System.Object[]"	""
"14"	"O"	"System.Object[]"	""
"14"	"P"	"System.Object[]"	""
"14"	"Q"	"System.Object[]"	""
"14"	"R"	"System.Object[]"	""
"14"	"S"	"System.Object[]"	""
"14"	"T"	"System.Object[]"	""
"14"	"U"	"System.Object[]"	""
"14"	"V"	"System.Object[]"	""
"14"	"W"	"System.Object[]"	""
"14"	"X"	"System.Object[]"	""
"14"	"Y"	"System.Object[]"	""
"14"	"Z"	"System.Object[]"	""
"15"	"A"	"System.Object[]"	""
"15"	"B"	"System.Object[]"	""
"15"	"C"	"System.Object[]"	""
"15"	"D"	"System.Object[]"	""
"15"	"E"	"System.Object[]"	""
"15"	"F"	"System.Object[]"	""
"15"	"G"	"System.Object[]"	""
"15"	"H"	"System.Object[]"	""
"15"	"I"	"System.Object[]"	""
"15"	"J"	"System.Object[]"	""
"15"	"K"	"System.Object[]"	""
"15"	"L"	"System.Object[]"	""
"15"	"M"	"System.Object[]"	""
"15"	"N"	"System.Object[]"	""
"15"	"O"	"System.Object[]"	""
"15"	"P"	"System.Object[]"	""
"15"	"Q"	"System.Object[]"	""
"15"	"R"	"System.Object[]"	""
"15"	"S"	"System.Object[]"	""
"15"	"T"	"System.Object[]"	""
"15"	"U"	"System.Object[]"	""
"15"	"V"	"System.Object[]"	""
"15"	"W"	"System.Object[]"	""
"15"	"X"	"System.Object[]"	""
"15"	"Y"	"System.Object[]"	""
"15"	"Z"	"System.Object[]"	""
"16"	"A"	"System.Object[]"	""
"16"	"B"	"System.Object[]"	""
"16"	"C"	"System.Object[]"	""
"16"	"D"	"System.Object[]"	""
"16"	"E"	"System.Object[]"	""
"16"	"F"	"System.Object[]"	""
"16"	"G"	"System.Object[]"	""
"16"	"H"	"System.Object[]"	""
"16"	"I"	"System.Object[]"	""
"16"	"J"	"System.Object[]"	""
"16"	"K"	"System.Object[]"	""
"16"	"L"	"System.Object[]"	""
"16"	"M"	"System.Object[]"	""
"16"	"N"	"System.Object[]"	""
"16"	"O"	"System.Object[]"	""
"16"	"P"	"System.Object[]"	""
"16"	"Q"	"System.Object[]"	""
"16"	"R"	"System.Object[]"	""
"16"	"S"	"System.Object[]"	""
"16"	"T"	"System.Object[]"	""
"16"	"U"	"System.Object[]"	""
"16"	"V"	"System.Object[]"	""
"16"	"W"	"System.Object[]"	""
"16"	"X"	"System.Object[]"	""
"16"	"Y"	"System.Object[]"	""
"16"	"Z"	"System.Object[]"	""
"17"	"A"	"System.Object[]"	""
"17"	"B"	"System.Object[]"	""
"17"	"C"	"System.Object[]"	""
"17"	"D"	"System.Object[]"	""
"17"	"E"	"System.Object[]"	""
"17"	"F"	"System.Object[]"	""
"17"	"G"	"System.Object[]"	""
"17"	"H"	"System.Object[]"	""
"17"	"I"	"System.Object[]"	""
"17"	"J"	"System.Object[]"	""
"17"	"K"	"System.Object[]"	""
"17"	"L"	"System.Object[]"	""
"17"	"M"	"System.Object[]"	""
"17"	"N"	"System.Object[]"	""
"17"	"O"	"System.Object[]"	""
"17"	"P"	"System.Object[]"	""
"17"	"Q"	"System.Object[]"	""
"17"	"R"	"System.Object[]"	""
"17"	"S"	"System.Object[]"	""
"17"	"T"	"System.Object[]"	""
"17"	"U"	"System.Object[]"	""
"17"	"V"	"System.Object[]"	""
"17"	"W"	"System.Object[]"	""
"17"	"X"	"System.Object[]"	""
"17"	"Y"	"System.Object[]"	""
"17"	"Z"	"System.Object[]"	""
"18"	"A"	"System.Object[]"	""
"18"	"B"	"System.Object[]"	""
"18"	"C"	"System.Object[]"	""
"18"	"D"	"System.Object[]"	""
"18"	"E"	"System.Object[]"	""
"18"	"F"	"System.Object[]"	""
"18"	"G"	"System.Object[]"	""
"18"	"H"	"System.Object[]"	""
"18"	"I"	"System.Object[]"	""
"18"	"J"	"System.Object[]"	""
"18"	"K"	"System.Object[]"	""
"18"	"L"	"System.Object[]"	""
"18"	"M"	"System.Object[]"	""
"18"	"N"	"System.Object[]"	""
"18"	"O"	"System.Object[]"	""
"18"	"P"	"System.Object[]"	""
"18"	"Q"	"System.Object[]"	""
"18"	"R"	"System.Object[]"	""
"18"	"S"	"System.Object[]"	""
"18"	"T"	"System.Object[]"	""
"18"	"U"	"System.Object[]"	""
"18"	"V"	"System.Object[]"	""
"18"	"W"	"System.Object[]"	""
"18"	"X"	"System.Object[]"	""
"18"	"Y"	"System.Object[]"	""
"18"	"Z"	"System.Object[]"	""
