"dir"	"files"	"mb"
"scripts\phase00\INBOX"	"3279"	"130.52"
"rclone-v1.70.3-windows-amd64"	"5"	"72.29"
"."	"131"	"43.21"
"outputs\reports"	"72"	"29.98"
"outputs\reports\self_test"	"11"	"26.6"
"wheels"	"4"	"13.02"
"backups\QUARANTINE_20250912_142935"	"21"	"5.83"
"backups"	"11"	"1.24"
"backups\QUARANTINE_20250912_142935\agents\awareness"	"2"	"0.61"
"backups\QUARANTINE_20250912_142935\docs"	"17"	"0.43"
"tools"	"73"	"0.34"
"magic_file_tracker_export.csv"	"2"	"0.24"
"notion_export"	"2"	"0.24"
"docs"	"3"	"0.18"
"backups\QUARANTINE_20250912_142935\magic_file_tracker_export.csv"	"937"	"0.16"
"backups\QUARANTINE_20250912_142935\outputs\repo_doctor"	"1"	"0.13"
"outputs\repo_doctor\hotfix_backups\20250910_121743\tools"	"3"	"0.12"
"outputs\repo_doctor\hotfix_backups\20250910_121824\tools"	"3"	"0.12"
"outputs\repo_doctor"	"1"	"0.12"
"outputs\repo_doctor\hotfix_backups\20250910_122614\tools"	"3"	"0.12"
"agents\meta"	"10"	"0.09"
"outputs"	"1"	"0.07"
"outputs\dashboard"	"3"	"0.07"
"backups\QUARANTINE_20250912_142935\outputs\dashboard"	"3"	"0.06"
"backups\phase11"	"107"	"0.05"
"backups\phase11_final"	"107"	"0.05"
"outputs\repo_doctor\autofix_backups\20250910_120537\scripts"	"4"	"0.04"
"tests"	"21"	"0.04"
"data"	"1"	"0.03"
"backups\phase11_full_backup"	"65"	"0.03"
"backups\QUARANTINE_20250912_142935\tools\scan_reports"	"1"	"0.02"
"outputs\reports\self_test\logs"	"1"	"0.02"
"tools\scan_reports"	"1"	"0.02"
"orchestration"	"4"	"0.01"
"backups\phase11_autoheal_20250807_163038\module_A"	"9"	"0.01"
"backups\QUARANTINE_20250912_142935\outputs\rediscover"	"2"	"0.01"
"tools\gates"	"2"	"0.01"
"agents"	"5"	"0.01"
"scripts\phase11\module_A"	"9"	"0.01"
"backups\phase11_autoheal_20250807_163637\module_A"	"9"	"0.01"
"backups\phase11_autoheal_20250807_162520\module_A"	"9"	"0.01"
"outputs\repo_doctor\autofix_backups\20250910_120537\tools"	"1"	"0.01"
"backups\phase11_autoheal_20250807_162746\module_A"	"9"	"0.01"
"agents\awareness"	"7"	"0.01"
"backups\phase11_cleanup\module_A"	"11"	"0.01"
"backups\phase11_cleanup\module_I"	"9"	"0.01"
"backups\phase11_autoheal_20250807_170218\module_A"	"9"	"0.01"
"backups\phase11_autoheal_20250807_163323\module_A"	"9"	"0.01"
"sync"	"1"	"0.01"
"scripts\phase14\module_V"	"1"	"0"
"scripts\phase14\module_L"	"4"	"0"
"scripts\phase14\module_X"	"1"	"0"
"scripts\phase17\module_I"	"1"	"0"
"scripts\phase17\module_H"	"1"	"0"
"scripts\phase14\module_W"	"1"	"0"
"scripts\phase17\module_G"	"1"	"0"
"scripts\phase14\module_P"	"1"	"0"
"scripts\phase14\module_Q"	"1"	"0"
"scripts\phase14\module_R"	"1"	"0"
"scripts\phase14\module_S"	"1"	"0"
"scripts\phase14\module_M"	"4"	"0"
"scripts\phase14\module_U"	"1"	"0"
"scripts\phase14\module_T"	"1"	"0"
"scripts\phase14\module_O"	"1"	"0"
"scripts\phase14\module_N"	"1"	"0"
"scripts\phase13\module_X"	"1"	"0"
"scripts\phase13\module_W"	"1"	"0"
"scripts\phase13\module_Y"	"1"	"0"
"scripts\phase14\module_A"	"5"	"0"
"scripts\phase13\module_Z"	"1"	"0"
"scripts\phase13\module_S"	"1"	"0"
"scripts\phase17\module_J"	"1"	"0"
"scripts\phase13\module_T"	"1"	"0"
"scripts\phase13\module_V"	"1"	"0"
"scripts\phase13\module_U"	"1"	"0"
"scripts\phase14\module_B"	"6"	"0"
"scripts\phase14\module_H"	"3"	"0"
"scripts\phase14\module_G"	"4"	"0"
"scripts\phase14\module_I"	"4"	"0"
"scripts\phase14\module_K"	"4"	"0"
"scripts\phase14\module_J"	"5"	"0"
"scripts\phase14\module_D"	"7"	"0"
"scripts\phase14\module_C"	"6"	"0"
"scripts\phase14\module_E"	"9"	"0"
"scripts\phase14\module_F"	"5"	"0"
"scripts\phase15\module_G"	"6"	"0"
"scripts\phase16\module_J"	"1"	"0"
"scripts\phase16\module_I"	"1"	"0"
"scripts\phase16\module_H"	"1"	"0"
"scripts\phase16\module_K"	"1"	"0"
"scripts\phase16\module_N"	"1"	"0"
"scripts\phase16\module_M"	"1"	"0"
"scripts\phase16\module_L"	"1"	"0"
"scripts\phase16\module_C"	"4"	"0"
"scripts\phase16\module_B"	"4"	"0"
"scripts\phase16\module_A"	"4"	"0"
"scripts\phase16\module_D"	"4"	"0"
"scripts\phase16\module_G"	"1"	"0"
"scripts\phase16\module_F"	"1"	"0"
"scripts\phase16\module_E"	"4"	"0"
"scripts\phase16\module_O"	"1"	"0"
"scripts\phase16\module_Y"	"1"	"0"
"scripts\phase16\module_X"	"1"	"0"
"scripts\phase16\module_W"	"1"	"0"
"scripts\phase16\module_Z"	"1"	"0"
"scripts\phase17\module_C"	"8"	"0"
"scripts\phase17\module_B"	"5"	"0"
"scripts\phase17\module_A"	"5"	"0"
"scripts\phase16\module_R"	"1"	"0"
"scripts\phase16\module_Q"	"1"	"0"
"scripts\phase16\module_P"	"1"	"0"
"scripts\phase16\module_S"	"1"	"0"
"scripts\phase16\module_V"	"1"	"0"
"scripts\phase16\module_U"	"1"	"0"
"scripts\phase16\module_T"	"1"	"0"
"scripts\phase15\module_Z"	"1"	"0"
"scripts\phase15\module_F"	"6"	"0"
"scripts\phase15\module_E"	"6"	"0"
"scripts\phase15\module_D"	"6"	"0"
"scripts\phase17\module_D"	"5"	"0"
"scripts\phase15\module_J"	"6"	"0"
"scripts\phase15\module_I"	"6"	"0"
"scripts\phase15\module_H"	"6"	"0"
"scripts\phase17\module_E"	"5"	"0"
"scripts\phase17\module_F"	"1"	"0"
"scripts\phase14\module_Y"	"1"	"0"
"scripts\phase14\module_Z"	"1"	"0"
"scripts\phase15\module_C"	"6"	"0"
"scripts\phase15\module_B"	"8"	"0"
"scripts\phase15\module_A"	"6"	"0"
"scripts\phase15\module_K"	"1"	"0"
"scripts\phase15\module_U"	"1"	"0"
"scripts\phase15\module_T"	"1"	"0"
"scripts\phase15\module_S"	"1"	"0"
"scripts\phase15\module_V"	"1"	"0"
"scripts\phase15\module_Y"	"1"	"0"
"scripts\phase15\module_X"	"1"	"0"
"scripts\phase15\module_W"	"1"	"0"
"scripts\phase15\module_N"	"1"	"0"
"scripts\phase15\module_M"	"1"	"0"
"scripts\phase15\module_L"	"1"	"0"
"scripts\phase15\module_O"	"1"	"0"
"scripts\phase15\module_R"	"1"	"0"
"scripts\phase15\module_Q"	"1"	"0"
"scripts\phase15\module_P"	"1"	"0"
"scripts\phase13\module_R"	"1"	"0"
"scripts\phase10\module_K"	"4"	"0"
"scripts\phase10\module_J"	"4"	"0"
"scripts\phase10\module_I"	"4"	"0"
"scripts\phase10\module_L"	"4"	"0"
"scripts\phase10\module_O"	"4"	"0"
"scripts\phase10\module_N"	"4"	"0"
"scripts\phase10\module_M"	"4"	"0"
"scripts\phase10\module_H"	"3"	"0"
"scripts\phase10\module_C"	"3"	"0"
"scripts\phase10\module_B"	"4"	"0"
"scripts\phase10\module_A"	"4"	"0"
"scripts\phase10\module_D"	"5"	"0"
"scripts\phase10\module_G"	"3"	"0"
"scripts\phase10\module_F"	"5"	"0"
"scripts\phase10\module_E"	"5"	"0"
"scripts\phase10\module_P"	"4"	"0"
"scripts\phase11\module_B"	"6"	"0"
"scripts\phase10\module_Z"	"4"	"0"
"scripts\phase10\module_Y"	"4"	"0"
"scripts\phase11\module_C"	"2"	"0"
"scripts\phase11\module_F"	"5"	"0"
"scripts\phase11\module_E"	"6"	"0"
"scripts\phase11\module_D"	"4"	"0"
"scripts\phase10\module_X"	"4"	"0"
"scripts\phase10\module_S"	"4"	"0"
"scripts\phase10\module_R"	"4"	"0"
"scripts\phase10\module_Q"	"4"	"0"
"scripts\phase10\module_T"	"4"	"0"
"scripts\phase10\module_W"	"4"	"0"
"scripts\phase10\module_V"	"4"	"0"
"scripts\phase10\module_U"	"4"	"0"
"scripts\phase1\module_F"	"1"	"0"
"scripts\phase1\module_E"	"1"	"0"
"scripts\phase1\module_D"	"1"	"0"
"scripts\phase1\module_G"	"1"	"0"
"scripts\phase1\module_J"	"1"	"0"
"scripts\phase1\module_I"	"1"	"0"
"scripts\phase1\module_H"	"1"	"0"
"scripts\phase1\module_C"	"1"	"0"
"scripts\phase09\module_I"	"3"	"0"
"scripts\phase09\module_H"	"3"	"0"
"scripts\phase09\module_G"	"3"	"0"
"scripts\phase09\module_J"	"3"	"0"
"scripts\phase1\module_B"	"1"	"0"
"scripts\phase1\module_A"	"1"	"0"
"scripts\phase09\module_K"	"3"	"0"
"scripts\phase1\module_K"	"1"	"0"
"scripts\phase1\module_V"	"1"	"0"
"scripts\phase1\module_U"	"1"	"0"
"scripts\phase1\module_T"	"1"	"0"
"scripts\phase1\module_W"	"1"	"0"
"scripts\phase1\module_Z"	"1"	"0"
"scripts\phase1\module_Y"	"1"	"0"
"scripts\phase1\module_X"	"1"	"0"
"scripts\phase1\module_S"	"1"	"0"
"scripts\phase1\module_N"	"1"	"0"
"scripts\phase1\module_M"	"1"	"0"
"scripts\phase1\module_L"	"1"	"0"
"scripts\phase1\module_O"	"1"	"0"
"scripts\phase1\module_R"	"1"	"0"
"scripts\phase1\module_Q"	"1"	"0"
"scripts\phase1\module_P"	"1"	"0"
"scripts\phase11\module_G"	"2"	"0"
"scripts\phase12\module_W"	"1"	"0"
"scripts\phase12\module_V"	"1"	"0"
"scripts\phase12\module_U"	"1"	"0"
"scripts\phase12\module_X"	"1"	"0"
"scripts\phase13\module_A"	"7"	"0"
"scripts\phase12\module_Z"	"1"	"0"
"scripts\phase12\module_Y"	"1"	"0"
"scripts\phase12\module_T"	"1"	"0"
"scripts\phase12\module_O"	"5"	"0"
"scripts\phase12\module_N"	"5"	"0"
"scripts\phase12\module_M"	"5"	"0"
"scripts\phase12\module_P"	"5"	"0"
"scripts\phase12\module_S"	"5"	"0"
"scripts\phase12\module_R"	"5"	"0"
"scripts\phase12\module_Q"	"5"	"0"
"scripts\phase13\module_B"	"7"	"0"
"scripts\phase13\module_M"	"4"	"0"
"scripts\phase13\module_L"	"5"	"0"
"scripts\phase13\module_K"	"5"	"0"
"scripts\phase13\module_N"	"4"	"0"
"scripts\phase13\module_Q"	"1"	"0"
"scripts\phase13\module_P"	"1"	"0"
"scripts\phase13\module_O"	"1"	"0"
"scripts\phase13\module_J"	"4"	"0"
"scripts\phase13\module_E"	"4"	"0"
"scripts\phase13\module_D"	"4"	"0"
"scripts\phase13\module_C"	"8"	"0"
"scripts\phase13\module_F"	"4"	"0"
"scripts\phase13\module_I"	"4"	"0"
"scripts\phase13\module_H"	"5"	"0"
"scripts\phase13\module_G"	"4"	"0"
"scripts\phase11\module_R"	"4"	"0"
"scripts\phase11\module_Q"	"4"	"0"
"scripts\phase11\module_P"	"4"	"0"
"scripts\phase11\module_S"	"4"	"0"
"scripts\phase11\module_V"	"4"	"0"
"scripts\phase11\module_U"	"4"	"0"
"scripts\phase11\module_T"	"4"	"0"
"scripts\phase11\module_O"	"4"	"0"
"scripts\phase11\module_J"	"4"	"0"
"scripts\phase11\module_I"	"10"	"0"
"scripts\phase11\module_H"	"7"	"0"
"scripts\phase11\module_K"	"4"	"0"
"scripts\phase11\module_N"	"4"	"0"
"scripts\phase11\module_M"	"4"	"0"
"scripts\phase11\module_L"	"5"	"0"
"scripts\phase11\module_W"	"4"	"0"
"scripts\phase12\module_H"	"5"	"0"
"scripts\phase12\module_G"	"4"	"0"
"scripts\phase12\module_F"	"5"	"0"
"scripts\phase12\module_I"	"5"	"0"
"scripts\phase12\module_L"	"5"	"0"
"scripts\phase12\module_K"	"5"	"0"
"scripts\phase12\module_J"	"5"	"0"
"scripts\phase12\module_E"	"6"	"0"
"scripts\phase11\module_Z"	"4"	"0"
"scripts\phase11\module_Y"	"4"	"0"
"scripts\phase11\module_X"	"4"	"0"
"scripts\phase12\module_A"	"7"	"0"
"scripts\phase12\module_D"	"4"	"0"
"scripts\phase12\module_C"	"6"	"0"
"scripts\phase12\module_B"	"7"	"0"
"scripts\phase17\module_K"	"1"	"0"
"scripts\phase6\module_X"	"1"	"0"
"scripts\phase6\module_W"	"1"	"0"
"scripts\phase6\module_V"	"1"	"0"
"scripts\phase6\module_Y"	"1"	"0"
"scripts\phase7\module_B"	"1"	"0"
"scripts\phase7\module_A"	"1"	"0"
"scripts\phase6\module_Z"	"1"	"0"
"scripts\phase6\module_U"	"1"	"0"
"scripts\phase6\module_P"	"1"	"0"
"scripts\phase6\module_O"	"1"	"0"
"scripts\phase6\module_N"	"1"	"0"
"scripts\phase6\module_Q"	"1"	"0"
"scripts\phase6\module_T"	"1"	"0"
"scripts\phase6\module_S"	"1"	"0"
"scripts\phase6\module_R"	"1"	"0"
"scripts\phase7\module_C"	"1"	"0"
"scripts\phase7\module_N"	"1"	"0"
"scripts\phase7\module_M"	"1"	"0"
"scripts\phase7\module_L"	"1"	"0"
"scripts\phase7\module_O"	"1"	"0"
"scripts\phase7\module_R"	"1"	"0"
"scripts\phase7\module_Q"	"1"	"0"
"scripts\phase7\module_P"	"1"	"0"
"scripts\phase7\module_K"	"1"	"0"
"scripts\phase7\module_F"	"1"	"0"
"scripts\phase7\module_E"	"1"	"0"
"scripts\phase7\module_D"	"1"	"0"
"scripts\phase7\module_G"	"1"	"0"
"scripts\phase7\module_J"	"1"	"0"
"scripts\phase7\module_I"	"1"	"0"
"scripts\phase7\module_H"	"1"	"0"
"scripts\phase6\module_M"	"1"	"0"
"scripts\phase5\module_R"	"1"	"0"
"scripts\phase5\module_Q"	"1"	"0"
"scripts\phase5\module_P"	"1"	"0"
"scripts\phase5\module_S"	"1"	"0"
"scripts\phase5\module_V"	"1"	"0"
"scripts\phase5\module_U"	"1"	"0"
"scripts\phase5\module_T"	"1"	"0"
"scripts\phase5\module_O"	"1"	"0"
"scripts\phase5\module_J"	"1"	"0"
"scripts\phase5\module_I"	"1"	"0"
"scripts\phase5\module_H"	"1"	"0"
"scripts\phase5\module_K"	"1"	"0"
"scripts\phase5\module_N"	"1"	"0"
"scripts\phase5\module_M"	"1"	"0"
"scripts\phase5\module_L"	"1"	"0"
"scripts\phase5\module_W"	"1"	"0"
"scripts\phase6\module_H"	"1"	"0"
"scripts\phase6\module_G"	"1"	"0"
"scripts\phase6\module_F"	"1"	"0"
"scripts\phase6\module_I"	"1"	"0"
"scripts\phase6\module_L"	"1"	"0"
"scripts\phase6\module_K"	"1"	"0"
"scripts\phase6\module_J"	"1"	"0"
"scripts\phase6\module_E"	"1"	"0"
"scripts\phase5\module_Z"	"1"	"0"
"scripts\phase5\module_Y"	"1"	"0"
"scripts\phase5\module_X"	"1"	"0"
"scripts\phase6\module_A"	"1"	"0"
"scripts\phase6\module_D"	"1"	"0"
"scripts\phase6\module_C"	"1"	"0"
"scripts\phase6\module_B"	"1"	"0"
"scripts\phase9\module_I"	"1"	"0"
"scripts\phase9\module_H"	"1"	"0"
"scripts\phase9\module_G"	"1"	"0"
"scripts\phase9\module_J"	"1"	"0"
"scripts\phase9\module_M"	"1"	"0"
"scripts\phase9\module_L"	"1"	"0"
"scripts\phase9\module_K"	"1"	"0"
"scripts\phase9\module_F"	"1"	"0"
"scripts\phase9\module_A"	"1"	"0"
"scripts\phase8\module_Z"	"1"	"0"
"scripts\phase8\module_Y"	"1"	"0"
"scripts\phase9\module_B"	"1"	"0"
"scripts\phase9\module_E"	"1"	"0"
"scripts\phase9\module_D"	"1"	"0"
"scripts\phase9\module_C"	"1"	"0"
"scripts\phase9\module_N"	"1"	"0"
"scripts\phase9\module_Y"	"1"	"0"
"scripts\phase9\module_X"	"1"	"0"
"scripts\phase9\module_W"	"1"	"0"
"scripts\phase9\module_Z"	"1"	"0"
"scripts\phase08\module_J"	"3"	"0"
"scripts_backup"	"1"	"0"
"scripts\phase99\module_ZZ"	"3"	"0"
"scripts\phase9\module_V"	"1"	"0"
"scripts\phase9\module_Q"	"1"	"0"
"scripts\phase9\module_P"	"1"	"0"
"scripts\phase9\module_O"	"1"	"0"
"scripts\phase9\module_R"	"1"	"0"
"scripts\phase9\module_U"	"1"	"0"
"scripts\phase9\module_T"	"1"	"0"
"scripts\phase9\module_S"	"1"	"0"
"scripts\phase8\module_X"	"1"	"0"
"scripts\phase8\module_C"	"1"	"0"
"scripts\phase8\module_B"	"1"	"0"
"scripts\phase8\module_A"	"1"	"0"
"scripts\phase8\module_D"	"1"	"0"
"scripts\phase8\module_G"	"1"	"0"
"scripts\phase8\module_F"	"1"	"0"
"scripts\phase8\module_E"	"1"	"0"
"scripts\phase7\module_Z"	"1"	"0"
"scripts\phase7\module_U"	"1"	"0"
"scripts\phase7\module_T"	"1"	"0"
"scripts\phase7\module_S"	"1"	"0"
"scripts\phase7\module_V"	"1"	"0"
"scripts\phase7\module_Y"	"1"	"0"
"scripts\phase7\module_X"	"1"	"0"
"scripts\phase7\module_W"	"1"	"0"
"scripts\phase8\module_H"	"1"	"0"
"scripts\phase8\module_S"	"1"	"0"
"scripts\phase8\module_R"	"1"	"0"
"scripts\phase8\module_Q"	"1"	"0"
"scripts\phase8\module_T"	"1"	"0"
"scripts\phase8\module_W"	"1"	"0"
"scripts\phase8\module_V"	"1"	"0"
"scripts\phase8\module_U"	"1"	"0"
"scripts\phase8\module_P"	"1"	"0"
"scripts\phase8\module_K"	"1"	"0"
"scripts\phase8\module_J"	"1"	"0"
"scripts\phase8\module_I"	"1"	"0"
"scripts\phase8\module_L"	"1"	"0"
"scripts\phase8\module_O"	"1"	"0"
"scripts\phase8\module_N"	"1"	"0"
"scripts\phase8\module_M"	"1"	"0"
"scripts\phase2\module_B"	"1"	"0"
"scripts\phase2\module_A"	"1"	"0"
"scripts\phase18\module_Z"	"4"	"0"
"scripts\phase2\module_C"	"1"	"0"
"scripts\phase2\module_F"	"1"	"0"
"scripts\phase2\module_E"	"1"	"0"
"scripts\phase2\module_D"	"1"	"0"
"scripts\phase18\module_Y"	"4"	"0"
"scripts\phase18\module_T"	"4"	"0"
"scripts\phase18\module_S"	"4"	"0"
"scripts\phase18\module_R"	"4"	"0"
"scripts\phase18\module_U"	"5"	"0"
"scripts\phase18\module_X"	"4"	"0"
"scripts\phase18\module_W"	"4"	"0"
"scripts\phase18\module_V"	"5"	"0"
"scripts\phase2\module_G"	"1"	"0"
"scripts\phase2\module_R"	"1"	"0"
"scripts\phase2\module_Q"	"1"	"0"
"scripts\phase2\module_P"	"1"	"0"
"scripts\phase2\module_S"	"1"	"0"
"scripts\phase2\module_V"	"1"	"0"
"scripts\phase2\module_U"	"1"	"0"
"scripts\phase2\module_T"	"1"	"0"
"scripts\phase2\module_O"	"1"	"0"
"scripts\phase2\module_J"	"1"	"0"
"scripts\phase2\module_I"	"1"	"0"
"scripts\phase2\module_H"	"1"	"0"
"scripts\phase2\module_K"	"1"	"0"
"scripts\phase2\module_N"	"1"	"0"
"scripts\phase2\module_M"	"1"	"0"
"scripts\phase2\module_L"	"1"	"0"
"scripts\phase18\module_Q"	"4"	"0"
"scripts\phase17\module_V"	"1"	"0"
"scripts\phase17\module_U"	"1"	"0"
"scripts\phase17\module_T"	"1"	"0"
"scripts\phase17\module_W"	"1"	"0"
"scripts\phase17\module_Z"	"1"	"0"
"scripts\phase17\module_Y"	"1"	"0"
"scripts\phase17\module_X"	"1"	"0"
"scripts\phase17\module_S"	"1"	"0"
"scripts\phase17\module_N"	"1"	"0"
"scripts\phase17\module_M"	"1"	"0"
"scripts\phase17\module_L"	"1"	"0"
"scripts\phase17\module_O"	"1"	"0"
"scripts\phase17\module_R"	"1"	"0"
"scripts\phase17\module_Q"	"1"	"0"
"scripts\phase17\module_P"	"1"	"0"
"scripts\phase18\module_A"	"5"	"0"
"scripts\phase18\module_L"	"4"	"0"
"scripts\phase18\module_K"	"4"	"0"
"scripts\phase18\module_J"	"4"	"0"
"scripts\phase18\module_M"	"4"	"0"
"scripts\phase18\module_P"	"4"	"0"
"scripts\phase18\module_O"	"4"	"0"
"scripts\phase18\module_N"	"3"	"0"
"scripts\phase18\module_I"	"4"	"0"
"scripts\phase18\module_D"	"4"	"0"
"scripts\phase18\module_C"	"8"	"0"
"scripts\phase18\module_B"	"8"	"0"
"scripts\phase18\module_E"	"6"	"0"
"scripts\phase18\module_H"	"4"	"0"
"scripts\phase18\module_G"	"5"	"0"
"scripts\phase18\module_F"	"3"	"0"
"scripts\phase4\module_M"	"1"	"0"
"scripts\phase4\module_L"	"1"	"0"
"scripts\phase4\module_K"	"1"	"0"
"scripts\phase4\module_N"	"1"	"0"
"scripts\phase4\module_Q"	"1"	"0"
"scripts\phase4\module_P"	"1"	"0"
"scripts\phase4\module_O"	"1"	"0"
"scripts\phase4\module_J"	"1"	"0"
"scripts\phase4\module_E"	"1"	"0"
"scripts\phase4\module_D"	"1"	"0"
"scripts\phase4\module_C"	"1"	"0"
"scripts\phase4\module_F"	"1"	"0"
"scripts\phase4\module_I"	"1"	"0"
"scripts\phase4\module_H"	"1"	"0"
"scripts\phase4\module_G"	"1"	"0"
"scripts\phase4\module_R"	"1"	"0"
"scripts\phase5\module_C"	"1"	"0"
"scripts\phase5\module_B"	"1"	"0"
"scripts\phase5\module_A"	"1"	"0"
"scripts\phase5\module_D"	"1"	"0"
"scripts\phase5\module_G"	"1"	"0"
"scripts\phase5\module_F"	"1"	"0"
"scripts\phase5\module_E"	"1"	"0"
"scripts\phase4\module_Z"	"1"	"0"
"scripts\phase4\module_U"	"1"	"0"
"scripts\phase4\module_T"	"1"	"0"
"scripts\phase4\module_S"	"1"	"0"
"scripts\phase4\module_V"	"1"	"0"
"scripts\phase4\module_Y"	"1"	"0"
"scripts\phase4\module_X"	"1"	"0"
"scripts\phase4\module_W"	"1"	"0"
"scripts\phase4\module_B"	"1"	"0"
"scripts\phase3\module_G"	"1"	"0"
"scripts\phase3\module_F"	"1"	"0"
"scripts\phase3\module_E"	"1"	"0"
"scripts\phase3\module_H"	"1"	"0"
"scripts\phase3\module_K"	"1"	"0"
"scripts\phase3\module_J"	"1"	"0"
"scripts\phase3\module_I"	"1"	"0"
"scripts\phase3\module_D"	"1"	"0"
"scripts\phase2\module_Y"	"1"	"0"
"scripts\phase2\module_X"	"1"	"0"
"scripts\phase2\module_W"	"1"	"0"
"scripts\phase2\module_Z"	"1"	"0"
"scripts\phase3\module_C"	"1"	"0"
"scripts\phase3\module_B"	"1"	"0"
"scripts\phase3\module_A"	"1"	"0"
"scripts\phase3\module_L"	"1"	"0"
"scripts\phase3\module_W"	"1"	"0"
"scripts\phase3\module_V"	"1"	"0"
"scripts\phase3\module_U"	"1"	"0"
"scripts\phase3\module_X"	"1"	"0"
"scripts\phase4\module_A"	"1"	"0"
"scripts\phase3\module_Z"	"1"	"0"
"scripts\phase3\module_Y"	"1"	"0"
"scripts\phase3\module_T"	"1"	"0"
"scripts\phase3\module_O"	"1"	"0"
"scripts\phase3\module_N"	"1"	"0"
"scripts\phase3\module_M"	"1"	"0"
"scripts\phase3\module_P"	"1"	"0"
"scripts\phase3\module_S"	"1"	"0"
"scripts\phase3\module_R"	"1"	"0"
"scripts\phase3\module_Q"	"1"	"0"
"scripts\phase09\module_F"	"3"	"0"
"backups\phase11_autoheal_20250807_163038\module_I"	"10"	"0"
"backups\phase11_autoheal_20250807_163038\module_H"	"7"	"0"
"backups\phase11_autoheal_20250807_163038\module_G"	"2"	"0"
"backups\phase11_autoheal_20250807_163038\module_J"	"4"	"0"
"backups\phase11_autoheal_20250807_163038\module_M"	"4"	"0"
"backups\phase11_autoheal_20250807_163038\module_L"	"5"	"0"
"backups\phase11_autoheal_20250807_163038\module_K"	"4"	"0"
"backups\phase11_autoheal_20250807_163038\module_F"	"5"	"0"
"backups\phase11_autoheal_20250807_163038\module_AB"	"3"	"0"
"backups\phase11_autoheal_20250807_163038\module_AA"	"3"	"0"
"backups\phase11_autoheal_20250807_163038"	"1"	"0"
"backups\phase11_autoheal_20250807_163038\module_B"	"6"	"0"
"backups\phase11_autoheal_20250807_163038\module_E"	"6"	"0"
"backups\phase11_autoheal_20250807_163038\module_D"	"4"	"0"
"backups\phase11_autoheal_20250807_163038\module_C"	"3"	"0"
"backups\phase11_autoheal_20250807_163038\module_X"	"4"	"0"
"backups\phase11_autoheal_20250807_163038\module_W"	"4"	"0"
"backups\phase11_autoheal_20250807_163038\module_V"	"4"	"0"
"backups\phase11_autoheal_20250807_163038\module_Y"	"4"	"0"
"backups\phase11_autoheal_20250807_163038\outputs\logs"	"1"	"0"
"backups\phase11_autoheal_20250807_163038\outputs"	"1"	"0"
"backups\phase11_autoheal_20250807_163038\module_Z"	"4"	"0"
"backups\phase11_autoheal_20250807_163038\module_U"	"4"	"0"
"backups\phase11_autoheal_20250807_163038\module_P"	"4"	"0"
"backups\phase11_autoheal_20250807_163038\module_O"	"4"	"0"
"backups\phase11_autoheal_20250807_163038\module_N"	"4"	"0"
"backups\phase11_autoheal_20250807_163038\module_Q"	"4"	"0"
"backups\phase11_autoheal_20250807_163038\module_T"	"4"	"0"
"backups\phase11_autoheal_20250807_163038\module_S"	"4"	"0"
"backups\phase11_autoheal_20250807_163038\module_R"	"4"	"0"
"backups\phase11_autoheal_20250807_162746\module_I"	"10"	"0"
"backups\phase11_autoheal_20250807_162746\module_H"	"7"	"0"
"backups\phase11_autoheal_20250807_162746\module_G"	"2"	"0"
"backups\phase11_autoheal_20250807_162746\module_J"	"4"	"0"
"backups\phase11_autoheal_20250807_162746\module_M"	"4"	"0"
"backups\phase11_autoheal_20250807_162746\module_L"	"5"	"0"
"backups\phase11_autoheal_20250807_162746\module_K"	"4"	"0"
"backups\phase11_autoheal_20250807_162746\module_F"	"5"	"0"
"backups\phase11_autoheal_20250807_162746\module_AB"	"3"	"0"
"backups\phase11_autoheal_20250807_162746\module_AA"	"3"	"0"
"backups\phase11_autoheal_20250807_162746"	"1"	"0"
"backups\phase11_autoheal_20250807_162746\module_B"	"6"	"0"
"backups\phase11_autoheal_20250807_162746\module_E"	"6"	"0"
"backups\phase11_autoheal_20250807_162746\module_D"	"4"	"0"
"backups\phase11_autoheal_20250807_162746\module_C"	"3"	"0"
"backups\phase11_autoheal_20250807_162746\module_X"	"4"	"0"
"backups\phase11_autoheal_20250807_162746\module_W"	"4"	"0"
"backups\phase11_autoheal_20250807_162746\module_V"	"4"	"0"
"backups\phase11_autoheal_20250807_162746\module_Y"	"4"	"0"
"backups\phase11_autoheal_20250807_162746\outputs\logs"	"1"	"0"
"backups\phase11_autoheal_20250807_162746\outputs"	"1"	"0"
"backups\phase11_autoheal_20250807_162746\module_Z"	"4"	"0"
"backups\phase11_autoheal_20250807_162746\module_U"	"4"	"0"
"backups\phase11_autoheal_20250807_162746\module_P"	"4"	"0"
"backups\phase11_autoheal_20250807_162746\module_O"	"4"	"0"
"backups\phase11_autoheal_20250807_162746\module_N"	"4"	"0"
"backups\phase11_autoheal_20250807_162746\module_Q"	"4"	"0"
"backups\phase11_autoheal_20250807_162746\module_T"	"4"	"0"
"backups\phase11_autoheal_20250807_162746\module_S"	"4"	"0"
"backups\phase11_autoheal_20250807_162746\module_R"	"4"	"0"
"backups\phase11_autoheal_20250807_163637\module_I"	"10"	"0"
"backups\phase11_autoheal_20250807_163637\module_H"	"7"	"0"
"backups\phase11_autoheal_20250807_163637\module_G"	"2"	"0"
"backups\phase11_autoheal_20250807_163637\module_J"	"4"	"0"
"backups\phase11_autoheal_20250807_163637\module_M"	"4"	"0"
"backups\phase11_autoheal_20250807_163637\module_L"	"5"	"0"
"backups\phase11_autoheal_20250807_163637\module_K"	"4"	"0"
"backups\phase11_autoheal_20250807_163637\module_F"	"5"	"0"
"backups\phase11_autoheal_20250807_163637\module_AB"	"3"	"0"
"backups\phase11_autoheal_20250807_163637\module_AA"	"3"	"0"
"backups\phase11_autoheal_20250807_163637"	"1"	"0"
"backups\phase11_autoheal_20250807_163637\module_B"	"6"	"0"
"backups\phase11_autoheal_20250807_163637\module_E"	"6"	"0"
"backups\phase11_autoheal_20250807_163637\module_D"	"4"	"0"
"backups\phase11_autoheal_20250807_163637\module_C"	"3"	"0"
"backups\phase11_autoheal_20250807_163637\module_X"	"4"	"0"
"backups\phase11_autoheal_20250807_163637\module_W"	"4"	"0"
"backups\phase11_autoheal_20250807_163637\module_V"	"4"	"0"
"backups\phase11_autoheal_20250807_163637\module_Y"	"4"	"0"
"backups\phase11_autoheal_20250807_163637\outputs\logs"	"1"	"0"
"backups\phase11_autoheal_20250807_163637\outputs"	"1"	"0"
"backups\phase11_autoheal_20250807_163637\module_Z"	"4"	"0"
"backups\phase11_autoheal_20250807_163637\module_U"	"4"	"0"
"backups\phase11_autoheal_20250807_163637\module_P"	"4"	"0"
"backups\phase11_autoheal_20250807_163637\module_O"	"4"	"0"
"backups\phase11_autoheal_20250807_163637\module_N"	"4"	"0"
"backups\phase11_autoheal_20250807_163637\module_Q"	"4"	"0"
"backups\phase11_autoheal_20250807_163637\module_T"	"4"	"0"
"backups\phase11_autoheal_20250807_163637\module_S"	"4"	"0"
"backups\phase11_autoheal_20250807_163637\module_R"	"4"	"0"
"backups\phase11_autoheal_20250807_163323\module_I"	"10"	"0"
"backups\phase11_autoheal_20250807_163323\module_H"	"7"	"0"
"backups\phase11_autoheal_20250807_163323\module_G"	"2"	"0"
"backups\phase11_autoheal_20250807_163323\module_J"	"4"	"0"
"backups\phase11_autoheal_20250807_163323\module_M"	"4"	"0"
"backups\phase11_autoheal_20250807_163323\module_L"	"5"	"0"
"backups\phase11_autoheal_20250807_163323\module_K"	"4"	"0"
"backups\phase11_autoheal_20250807_163323\module_F"	"5"	"0"
"backups\phase11_autoheal_20250807_163323\module_AB"	"3"	"0"
"backups\phase11_autoheal_20250807_163323\module_AA"	"3"	"0"
"backups\phase11_autoheal_20250807_163323"	"1"	"0"
"backups\phase11_autoheal_20250807_163323\module_B"	"6"	"0"
"backups\phase11_autoheal_20250807_163323\module_E"	"6"	"0"
"backups\phase11_autoheal_20250807_163323\module_D"	"4"	"0"
"backups\phase11_autoheal_20250807_163323\module_C"	"3"	"0"
"backups\phase11_autoheal_20250807_163323\module_X"	"4"	"0"
"backups\phase11_autoheal_20250807_163323\module_W"	"4"	"0"
"backups\phase11_autoheal_20250807_163323\module_V"	"4"	"0"
"backups\phase11_autoheal_20250807_163323\module_Y"	"4"	"0"
"backups\phase11_autoheal_20250807_163323\outputs\logs"	"1"	"0"
"backups\phase11_autoheal_20250807_163323\outputs"	"1"	"0"
"backups\phase11_autoheal_20250807_163323\module_Z"	"4"	"0"
"backups\phase11_autoheal_20250807_163323\module_U"	"4"	"0"
"backups\phase11_autoheal_20250807_163323\module_P"	"4"	"0"
"backups\phase11_autoheal_20250807_163323\module_O"	"4"	"0"
"backups\phase11_autoheal_20250807_163323\module_N"	"4"	"0"
"backups\phase11_autoheal_20250807_163323\module_Q"	"4"	"0"
"backups\phase11_autoheal_20250807_163323\module_T"	"4"	"0"
"backups\phase11_autoheal_20250807_163323\module_S"	"4"	"0"
"backups\phase11_autoheal_20250807_163323\module_R"	"4"	"0"
"backups\phase11_autoheal_20250729_170744\module_H"	"6"	"0"
"backups\phase11_autoheal_20250729_170744\module_G"	"1"	"0"
"backups\phase11_autoheal_20250729_170744\module_F"	"4"	"0"
"backups\phase11_autoheal_20250729_170744\module_I"	"9"	"0"
"backups\phase11_autoheal_20250729_170744\module_L"	"3"	"0"
"backups\phase11_autoheal_20250729_170744\module_K"	"3"	"0"
"backups\phase11_autoheal_20250729_170744\module_J"	"3"	"0"
"backups\phase11_autoheal_20250729_170744\module_E"	"5"	"0"
"backups\phase11_autoheal_20250729_170744\module_AA"	"3"	"0"
"backups\phase11_autoheal_20250729_170744\module_A"	"3"	"0"
"backups\phase11_autoheal_20250729_170744"	"1"	"0"
"backups\phase11_autoheal_20250729_170744\module_AB"	"3"	"0"
"backups\phase11_autoheal_20250729_170744\module_D"	"3"	"0"
"backups\phase11_autoheal_20250729_170744\module_C"	"3"	"0"
"backups\phase11_autoheal_20250729_170744\module_B"	"3"	"0"
"backups\phase11_autoheal_20250729_170744\module_W"	"3"	"0"
"backups\phase11_autoheal_20250729_170744\module_V"	"3"	"0"
"backups\phase11_autoheal_20250729_170744\module_U"	"3"	"0"
"backups\phase11_autoheal_20250729_170744\module_X"	"3"	"0"
"backups\phase11_autoheal_20250729_170744\outputs\logs"	"1"	"0"
"backups\phase11_autoheal_20250729_170744\module_Z"	"3"	"0"
"backups\phase11_autoheal_20250729_170744\module_Y"	"3"	"0"
"backups\phase11_autoheal_20250729_170744\module_T"	"3"	"0"
"backups\phase11_autoheal_20250729_170744\module_O"	"3"	"0"
"backups\phase11_autoheal_20250729_170744\module_N"	"3"	"0"
"backups\phase11_autoheal_20250729_170744\module_M"	"3"	"0"
"backups\phase11_autoheal_20250729_170744\module_P"	"3"	"0"
"backups\phase11_autoheal_20250729_170744\module_S"	"3"	"0"
"backups\phase11_autoheal_20250729_170744\module_R"	"3"	"0"
"backups\phase11_autoheal_20250729_170744\module_Q"	"3"	"0"
"backups\phase11_autoheal_20250729_143113\module_H"	"6"	"0"
"backups\phase11_autoheal_20250729_143113\module_G"	"1"	"0"
"backups\phase11_autoheal_20250729_143113\module_F"	"4"	"0"
"backups\phase11_autoheal_20250729_143113\module_I"	"9"	"0"
"backups\phase11_autoheal_20250729_143113\module_L"	"3"	"0"
"backups\phase11_autoheal_20250729_143113\module_K"	"3"	"0"
"backups\phase11_autoheal_20250729_143113\module_J"	"3"	"0"
"backups\phase11_autoheal_20250729_143113\module_E"	"5"	"0"
"backups\phase11_autoheal_20250729_143113\module_AA"	"3"	"0"
"backups\phase11_autoheal_20250729_143113\module_A"	"3"	"0"
"backups\phase11_autoheal_20250729_143113"	"1"	"0"
"backups\phase11_autoheal_20250729_143113\module_AB"	"3"	"0"
"backups\phase11_autoheal_20250729_143113\module_D"	"3"	"0"
"backups\phase11_autoheal_20250729_143113\module_C"	"3"	"0"
"backups\phase11_autoheal_20250729_143113\module_B"	"3"	"0"
"backups\phase11_autoheal_20250729_143113\module_W"	"3"	"0"
"backups\phase11_autoheal_20250729_143113\module_V"	"3"	"0"
"backups\phase11_autoheal_20250729_143113\module_U"	"3"	"0"
"backups\phase11_autoheal_20250729_143113\module_X"	"3"	"0"
"backups\phase11_autoheal_20250729_143113\outputs\logs"	"1"	"0"
"backups\phase11_autoheal_20250729_143113\module_Z"	"3"	"0"
"backups\phase11_autoheal_20250729_143113\module_Y"	"3"	"0"
"backups\phase11_autoheal_20250729_143113\module_T"	"3"	"0"
"backups\phase11_autoheal_20250729_143113\module_O"	"3"	"0"
"backups\phase11_autoheal_20250729_143113\module_N"	"3"	"0"
"backups\phase11_autoheal_20250729_143113\module_M"	"3"	"0"
"backups\phase11_autoheal_20250729_143113\module_P"	"3"	"0"
"backups\phase11_autoheal_20250729_143113\module_S"	"3"	"0"
"backups\phase11_autoheal_20250729_143113\module_R"	"3"	"0"
"backups\phase11_autoheal_20250729_143113\module_Q"	"3"	"0"
"backups\phase11_autoheal_20250807_162520\module_I"	"10"	"0"
"backups\phase11_autoheal_20250807_162520\module_H"	"7"	"0"
"backups\phase11_autoheal_20250807_162520\module_G"	"2"	"0"
"backups\phase11_autoheal_20250807_162520\module_J"	"4"	"0"
"backups\phase11_autoheal_20250807_162520\module_M"	"4"	"0"
"backups\phase11_autoheal_20250807_162520\module_L"	"5"	"0"
"backups\phase11_autoheal_20250807_162520\module_K"	"4"	"0"
"backups\phase11_autoheal_20250807_162520\module_F"	"5"	"0"
"backups\phase11_autoheal_20250807_162520\module_AB"	"3"	"0"
"backups\phase11_autoheal_20250807_162520\module_AA"	"3"	"0"
"backups\phase11_autoheal_20250807_162520"	"1"	"0"
"backups\phase11_autoheal_20250807_162520\module_B"	"6"	"0"
"backups\phase11_autoheal_20250807_162520\module_E"	"6"	"0"
"backups\phase11_autoheal_20250807_162520\module_D"	"4"	"0"
"backups\phase11_autoheal_20250807_162520\module_C"	"3"	"0"
"backups\phase11_autoheal_20250807_162520\module_X"	"4"	"0"
"backups\phase11_autoheal_20250807_162520\module_W"	"4"	"0"
"backups\phase11_autoheal_20250807_162520\module_V"	"4"	"0"
"backups\phase11_autoheal_20250807_162520\module_Y"	"4"	"0"
"backups\phase11_autoheal_20250807_162520\outputs\logs"	"1"	"0"
"backups\phase11_autoheal_20250807_162520\outputs"	"1"	"0"
"backups\phase11_autoheal_20250807_162520\module_Z"	"4"	"0"
"backups\phase11_autoheal_20250807_162520\module_U"	"4"	"0"
"backups\phase11_autoheal_20250807_162520\module_P"	"4"	"0"
"backups\phase11_autoheal_20250807_162520\module_O"	"4"	"0"
"backups\phase11_autoheal_20250807_162520\module_N"	"4"	"0"
"backups\phase11_autoheal_20250807_162520\module_Q"	"4"	"0"
"backups\phase11_autoheal_20250807_162520\module_T"	"4"	"0"
"backups\phase11_autoheal_20250807_162520\module_S"	"4"	"0"
"backups\phase11_autoheal_20250807_162520\module_R"	"4"	"0"
"backups\phase11_autoheal_20250729_170950\module_H"	"6"	"0"
"backups\phase11_autoheal_20250729_170950\module_G"	"1"	"0"
"backups\phase11_autoheal_20250729_170950\module_F"	"4"	"0"
"backups\phase11_autoheal_20250729_170950\module_I"	"9"	"0"
"backups\phase11_autoheal_20250729_170950\module_L"	"3"	"0"
"backups\phase11_autoheal_20250729_170950\module_K"	"3"	"0"
"backups\phase11_autoheal_20250729_170950\module_J"	"3"	"0"
"backups\phase11_autoheal_20250729_170950\module_E"	"5"	"0"
"backups\phase11_autoheal_20250729_170950\module_AA"	"3"	"0"
"backups\phase11_autoheal_20250729_170950\module_A"	"3"	"0"
"backups\phase11_autoheal_20250729_170950"	"1"	"0"
"backups\phase11_autoheal_20250729_170950\module_AB"	"3"	"0"
"backups\phase11_autoheal_20250729_170950\module_D"	"3"	"0"
"backups\phase11_autoheal_20250729_170950\module_C"	"3"	"0"
"backups\phase11_autoheal_20250729_170950\module_B"	"3"	"0"
"backups\phase11_autoheal_20250729_170950\module_W"	"3"	"0"
"backups\phase11_autoheal_20250729_170950\module_V"	"3"	"0"
"backups\phase11_autoheal_20250729_170950\module_U"	"3"	"0"
"backups\phase11_autoheal_20250729_170950\module_X"	"3"	"0"
"backups\phase11_autoheal_20250729_170950\outputs\logs"	"1"	"0"
"backups\phase11_autoheal_20250729_170950\module_Z"	"3"	"0"
"backups\phase11_autoheal_20250729_170950\module_Y"	"3"	"0"
"backups\phase11_autoheal_20250729_170950\module_T"	"3"	"0"
"backups\phase11_autoheal_20250729_170950\module_O"	"3"	"0"
"backups\phase11_autoheal_20250729_170950\module_N"	"3"	"0"
"backups\phase11_autoheal_20250729_170950\module_M"	"3"	"0"
"backups\phase11_autoheal_20250729_170950\module_P"	"3"	"0"
"backups\phase11_autoheal_20250729_170950\module_S"	"3"	"0"
"backups\phase11_autoheal_20250729_170950\module_R"	"3"	"0"
"backups\phase11_autoheal_20250729_170950\module_Q"	"3"	"0"
"backups\phase11_autoheal_20250807_170218"	"1"	"0"
"scripts\phase03\module_B"	"4"	"0"
"scripts\phase03\module_A"	"19"	"0"
"scripts\phase02\module_H"	"5"	"0"
"scripts\phase03\module_C"	"3"	"0"
"scripts\phase03\module_F"	"3"	"0"
"scripts\phase03\module_E"	"4"	"0"
"scripts\phase03\module_D"	"3"	"0"
"scripts\phase02\module_G"	"5"	"0"
"scripts\phase02\module_B"	"8"	"0"
"scripts\phase02\module_A"	"10"	"0"
"scripts\phase01\module_I"	"4"	"0"
"scripts\phase02\module_C"	"6"	"0"
"scripts\phase02\module_F"	"6"	"0"
"scripts\phase02\module_E"	"9"	"0"
"scripts\phase02\module_D"	"6"	"0"
"scripts\phase05\module_C"	"8"	"0"
"scripts\phase05\module_B"	"12"	"0"
"scripts\phase05\module_A"	"11"	"0"
"scripts\phase05\module_D"	"12"	"0"
"scripts\phase05\module_G"	"1"	"0"
"scripts\phase05\module_F"	"3"	"0"
"scripts\phase05\module_E"	"4"	"0"
"scripts\phase04\module_E"	"4"	"0"
"scripts\phase03\module_I"	"3"	"0"
"scripts\phase03\module_H"	"5"	"0"
"scripts\phase03\module_G"	"5"	"0"
"scripts\phase04\module_A"	"3"	"0"
"scripts\phase04\module_D"	"6"	"0"
"scripts\phase04\module_C"	"3"	"0"
"scripts\phase04\module_B"	"6"	"0"
"scripts\phase0\module_O"	"1"	"0"
"scripts\phase0\module_N"	"1"	"0"
"scripts\phase0\module_M"	"1"	"0"
"scripts\phase0\module_P"	"1"	"0"
"scripts\phase0\module_S"	"1"	"0"
"scripts\phase0\module_R"	"1"	"0"
"scripts\phase0\module_Q"	"1"	"0"
"scripts\phase0\module_L"	"1"	"0"
"scripts\phase0\module_G"	"1"	"0"
"scripts\phase0\module_F"	"1"	"0"
"scripts\phase0\module_E"	"1"	"0"
"scripts\phase0\module_H"	"1"	"0"
"scripts\phase0\module_K"	"1"	"0"
"scripts\phase0\module_J"	"1"	"0"
"scripts\phase0\module_I"	"1"	"0"
"scripts\phase01\module_D"	"4"	"0"
"scripts\phase01\module_C"	"3"	"0"
"scripts\phase01\module_B"	"3"	"0"
"scripts\phase01\module_E"	"3"	"0"
"scripts\phase01\module_H"	"4"	"0"
"scripts\phase01\module_G"	"3"	"0"
"scripts\phase01\module_F"	"3"	"0"
"scripts\phase01\module_A"	"3"	"0"
"scripts\phase0\module_V"	"1"	"0"
"scripts\phase0\module_U"	"1"	"0"
"scripts\phase0\module_T"	"1"	"0"
"scripts\phase0\module_W"	"1"	"0"
"scripts\phase0\module_Z"	"1"	"0"
"scripts\phase0\module_Y"	"1"	"0"
"scripts\phase0\module_X"	"1"	"0"
"scripts\phase08\module_L"	"3"	"0"
"scripts\phase08\module_K"	"3"	"0"
".github\workflows"	"8"	"0"
"scripts\phase08\module_M"	"3"	"0"
"scripts\phase08\module_P"	"3"	"0"
"scripts\phase08\module_O"	"3"	"0"
"scripts\phase08\module_N"	"3"	"0"
"scripts\phase08\module_I"	"3"	"0"
"scripts\phase08\module_D"	"3"	"0"
"scripts\phase08\module_C"	"3"	"0"
"scripts\phase08\module_B"	"3"	"0"
"scripts\phase08\module_E"	"3"	"0"
"scripts\phase08\module_H"	"3"	"0"
"scripts\phase08\module_G"	"3"	"0"
"scripts\phase08\module_F"	"3"	"0"
"scripts\phase09\module_A"	"4"	"0"
"scripts\phase08\module_Z"	"3"	"0"
"scripts\phase08\module_Y"	"3"	"0"
"scripts\phase09\module_B"	"5"	"0"
"scripts\phase09\module_E"	"5"	"0"
"scripts\phase09\module_D"	"5"	"0"
"scripts\phase09\module_C"	"4"	"0"
"scripts\phase08\module_X"	"3"	"0"
"scripts\phase08\module_S"	"3"	"0"
"scripts\phase08\module_R"	"3"	"0"
"scripts\phase08\module_Q"	"3"	"0"
"scripts\phase08\module_T"	"3"	"0"
"scripts\phase08\module_W"	"3"	"0"
"scripts\phase08\module_V"	"3"	"0"
"scripts\phase08\module_U"	"3"	"0"
"scripts\phase06\module_K"	"2"	"0"
"scripts\phase06\module_J"	"2"	"0"
"scripts\phase06\module_I"	"2"	"0"
"scripts\phase06\module_L"	"2"	"0"
"scripts\phase06\module_O"	"2"	"0"
"scripts\phase06\module_N"	"2"	"0"
"scripts\phase06\module_M"	"2"	"0"
"scripts\phase06\module_H"	"4"	"0"
"scripts\phase06\module_C"	"3"	"0"
"scripts\phase06\module_B"	"1"	"0"
"scripts\phase06\module_A"	"2"	"0"
"scripts\phase06\module_D"	"1"	"0"
"scripts\phase06\module_G"	"3"	"0"
"scripts\phase06\module_F"	"3"	"0"
"scripts\phase06\module_E"	"4"	"0"
"scripts\phase06\module_Z"	"2"	"0"
"scripts\phase06\module_Y"	"2"	"0"
"scripts\phase06\module_X"	"2"	"0"
"scripts\phase07\module_A"	"3"	"0"
"scripts\phase08\module_A"	"3"	"0"
"scripts\phase07\module_C"	"3"	"0"
"scripts\phase07\module_B"	"3"	"0"
"scripts\phase06\module_W"	"2"	"0"
"scripts\phase06\module_R"	"2"	"0"
"scripts\phase06\module_Q"	"2"	"0"
"scripts\phase06\module_P"	"2"	"0"
"scripts\phase06\module_S"	"2"	"0"
"scripts\phase06\module_V"	"2"	"0"
"scripts\phase06\module_U"	"2"	"0"
"scripts\phase06\module_T"	"2"	"0"
"backups\phase11_cleanup\module_K"	"3"	"0"
"backups\phase11_cleanup\module_J"	"3"	"0"
"backups\phase11_cleanup\module_H"	"8"	"0"
"backups\phase11_cleanup\module_L"	"3"	"0"
"backups\phase11_cleanup\module_O"	"3"	"0"
"backups\phase11_cleanup\module_N"	"4"	"0"
"backups\phase11_cleanup\module_M"	"3"	"0"
"backups\phase11_cleanup\module_G"	"3"	"0"
"backups\phase11_cleanup\module_B"	"3"	"0"
"backups\phase11_cleanup\module_AB"	"3"	"0"
"backups\phase11_cleanup\module_AA"	"3"	"0"
"backups\phase11_cleanup\module_C"	"3"	"0"
"backups\phase11_cleanup\module_F"	"4"	"0"
"backups\phase11_cleanup\module_E"	"5"	"0"
"backups\phase11_cleanup\module_D"	"3"	"0"
"backups\phase11_cleanup\module_Z"	"3"	"0"
"backups\phase11_cleanup\module_Y"	"3"	"0"
"backups\phase11_cleanup\module_X"	"3"	"0"
"backups\phase11_cleanup\outputs\logs"	"1"	"0"
"backups\phase11_pre_rebuild\module_D"	"1"	"0"
"backups\phase11_pre_rebuild"	"1"	"0"
"backups\phase11_moduleA_before_upgrade"	"3"	"0"
"backups\phase11_cleanup\module_W"	"4"	"0"
"backups\phase11_cleanup\module_R"	"3"	"0"
"backups\phase11_cleanup\module_Q"	"3"	"0"
"backups\phase11_cleanup\module_P"	"3"	"0"
"backups\phase11_cleanup\module_S"	"3"	"0"
"backups\phase11_cleanup\module_V"	"4"	"0"
"backups\phase11_cleanup\module_U"	"3"	"0"
"backups\phase11_cleanup\module_T"	"3"	"0"
"backups\phase11_autoheal_20250807_170218\module_J"	"4"	"0"
"backups\phase11_autoheal_20250807_170218\module_I"	"10"	"0"
"backups\phase11_autoheal_20250807_170218\module_H"	"7"	"0"
"backups\phase11_autoheal_20250807_170218\module_K"	"4"	"0"
"backups\phase11_autoheal_20250807_170218\module_N"	"4"	"0"
"backups\phase11_autoheal_20250807_170218\module_M"	"4"	"0"
"backups\phase11_autoheal_20250807_170218\module_L"	"5"	"0"
"backups\phase11_autoheal_20250807_170218\module_G"	"2"	"0"
"backups\phase11_autoheal_20250807_170218\module_B"	"6"	"0"
"backups\phase11_autoheal_20250807_170218\module_AB"	"3"	"0"
"backups\phase11_autoheal_20250807_170218\module_AA"	"3"	"0"
"backups\phase11_autoheal_20250807_170218\module_C"	"3"	"0"
"backups\phase11_autoheal_20250807_170218\module_F"	"5"	"0"
"backups\phase11_autoheal_20250807_170218\module_E"	"6"	"0"
"backups\phase11_autoheal_20250807_170218\module_D"	"4"	"0"
"backups\phase11_autoheal_20250807_170218\module_Y"	"4"	"0"
"backups\phase11_autoheal_20250807_170218\module_X"	"4"	"0"
"backups\phase11_autoheal_20250807_170218\module_W"	"4"	"0"
"backups\phase11_autoheal_20250807_170218\module_Z"	"4"	"0"
"backups\phase11_cleanup"	"1"	"0"
"backups\phase11_autoheal_20250807_170218\outputs\logs"	"1"	"0"
"backups\phase11_autoheal_20250807_170218\outputs"	"1"	"0"
"backups\phase11_autoheal_20250807_170218\module_V"	"4"	"0"
"backups\phase11_autoheal_20250807_170218\module_Q"	"4"	"0"
"backups\phase11_autoheal_20250807_170218\module_P"	"4"	"0"
"backups\phase11_autoheal_20250807_170218\module_O"	"4"	"0"
"backups\phase11_autoheal_20250807_170218\module_R"	"4"	"0"
"backups\phase11_autoheal_20250807_170218\module_U"	"4"	"0"
"backups\phase11_autoheal_20250807_170218\module_T"	"4"	"0"
"backups\phase11_autoheal_20250807_170218\module_S"	"4"	"0"
"docs\demos"	"3"	"0"
"configs\central_config_hub"	"6"	"0"
"configs"	"1"	"0"
"docs\flows"	"2"	"0"
"other_folder"	"2"	"0"
"logs"	"1"	"0"
"inbox"	"22"	"0"
"backups\QUARANTINE_staleLogs_20250912_161218"	"1"	"0"
"backups\QUARANTINE_20250912_142935\flow_export"	"2"	"0"
"backups\QUARANTINE_20250912_142935\FileRouter_Magic_Flow"	"2"	"0"
"backups\QUARANTINE_20250912_142935\docs\reports"	"1"	"0"
"backups\QUARANTINE_20250912_142935\outputs\summaries"	"1"	"0"
"backups\QUARANTINE_20250912_142935\scripts\phase11\module_B\reports"	"1"	"0"
"backups\QUARANTINE_20250912_142935\scripts\data\user_prefs"	"1"	"0"
"backups\QUARANTINE_20250912_142935\scripts"	"2"	"0"
"quarantine"	"11"	"0"
"outputs\repo_doctor\hotfix_backups\20250910_122614"	"2"	"0"
"outputs\repo_doctor\hotfix_backups\20250910_121824"	"2"	"0"
"scripts\phase0\module_A"	"1"	"0"
"scripts\phase0\module_D"	"1"	"0"
"scripts\phase0\module_C"	"1"	"0"
"scripts\phase0\module_B"	"1"	"0"
"outputs\repo_doctor\hotfix_backups\20250910_121743\scripts"	"4"	"0"
"outputs\rediscover"	"1"	"0"
"outputs\logs\notion_sync"	"1"	"0"
"outputs\logs"	"2"	"0"
"assets"	"1"	"0"
"outputs\repo_doctor\hotfix_backups\20250910_121743"	"2"	"0"
"outputs\repo_doctor\autofix_backups\20250910_120537"	"1"	"0"
"outputs\reports\logs"	"1"	"0"
"backups\phase11_pre_rebuild\module_R"	"3"	"0"
"backups\phase11_pre_rebuild\module_Q"	"3"	"0"
"backups\phase11_pre_rebuild\module_P"	"3"	"0"
"backups\phase11_pre_rebuild\module_S"	"3"	"0"
"backups\phase11_pre_rebuild\module_V"	"4"	"0"
"backups\phase11_pre_rebuild\module_U"	"3"	"0"
"backups\phase11_pre_rebuild\module_T"	"3"	"0"
"backups\phase11_pre_rebuild\module_O"	"3"	"0"
"backups\phase11_pre_rebuild\module_J"	"3"	"0"
"backups\phase11_pre_rebuild\module_I"	"5"	"0"
"backups\phase11_pre_rebuild\module_G"	"2"	"0"
"backups\phase11_pre_rebuild\module_K"	"3"	"0"
"backups\phase11_pre_rebuild\module_N"	"4"	"0"
"backups\phase11_pre_rebuild\module_M"	"3"	"0"
"backups\phase11_pre_rebuild\module_L"	"3"	"0"
"backups\QUARANTINE_20250912_142935\data"	"1"	"0"
"backups\QUARANTINE_20250912_142935\configs"	"2"	"0"
"backups\QUARANTINE_20250912_142935\config"	"5"	"0"
"backups\QUARANTINE_20250912_142935\docs\demos"	"2"	"0"
"backups\QUARANTINE_20250912_142935\docs\releases"	"1"	"0"
"backups\QUARANTINE_20250912_142935\docs\handoff"	"1"	"0"
"backups\QUARANTINE_20250912_142935\docs\flows"	"1"	"0"
"backups\QUARANTINE_20250912_142935\clean_env\Lib\site-packages\webencodings-0.5.1.dist-info"	"1"	"0"
"backups\phase11_pre_rebuild\module_Y"	"3"	"0"
"backups\phase11_pre_rebuild\module_X"	"3"	"0"
"backups\phase11_pre_rebuild\module_W"	"4"	"0"
"backups\phase11_pre_rebuild\module_Z"	"3"	"0"
"backups\QUARANTINE_20250912_142935\clean_env\Lib\site-packages\snscrape-0.7.0.20230622.dist-info"	"1"	"0"
"backups\QUARANTINE_20250912_142935\clean_env\Lib\site-packages\selenium\webdriver\firefox"	"1"	"0"
"backups\phase11_pre_rebuild\outputs\logs"	"1"	"0"
