Week	Step	Status	Notes
2	Logging & Retry	Done	logs detected: 3
3	Self-Healing Basics	Done	self-heal signals: True
4	CI/CD Integration	Done (may be noisy)	pre-commit:True; workflows:True; triggers:True
5	Stress Test Rollout	In-Progress	phase11 proofs: 0; total logs: 3
6	Expansion & Parallelization	In-Progress	py-parallel:False; ps-parallel:True
7	Testing Layer	In-Progress	tests:True (8); pytestCI:True; cfg:True
8	Metrics & Monitoring	Not Started	metrics signals:
9	Nightly Full Runs	In-Progress	nightly schedule:True
10	Backup & Failover	In-Progress	backup files: 1536
11	Patching & Post-Mortems	In-Progress	patcher tools: 1
12	Final Production Handoff	In-Progress	docs signals: 1; nightly:True
