Week	Step	Status	Notes
1	Inventory & Foundation	In-Progress	scripts: 1447; manifest.json: False
2	Logging & Retry	Done	logs found: 2 in D:\MAGIC\outputs\logs
3	Self-Healing Basics	In-Progress	self-heal keywords found in runner: False
4	CI/CD Integration	Done (Noisy)	pre-commit: True; workflows: True; ci triggers: True
5	Stress Test Rollout	Planned	phase11 logs: 0; placeholder_noise_likely: True
6	Expansion & Parallelization	Blocked (wait for Week 5)	parallel indicators in runner: False
7	Testing Layer	In-Progress	tests dir: True (8 files); pytest in CI: True; pytest.ini: True; pyproject: False
8	Metrics & Monitoring	Not Started	metrics signals found: 0
9	Nightly Full Runs	In-Progress	schedule in workflows: True
10	Backup & Failover	In-Progress	backup files: 1536 in D:\MAGIC\backups
11	Patching & Post-Mortems	In-Progress	patcher/sanity/post-mortem hits in tools: 8
12	Final Production Handoff	In-Progress	docs signals: 3; depends on nightly readiness: In-Progress
