src	dest	bytes	root	status	message
outputs/mydata.db	backups/quarantine/20251110_181910/outputs/mydata.db	45056	outputs	moved	
outputs/youtube_scrape.csv	backups/quarantine/20251110_181910/outputs/youtube_scrape.csv	39	outputs	moved	
outputs/google_trends.csv	backups/quarantine/20251110_181910/outputs/google_trends.csv	17	outputs	moved	
outputs/reddit_scrape.csv	backups/quarantine/20251110_181910/outputs/reddit_scrape.csv	29	outputs	moved	
outputs/tiktok_scrape.csv	backups/quarantine/20251110_181910/outputs/tiktok_scrape.csv	20	outputs	moved	
outputs/phase_script_inventory.txt	backups/quarantine/20251110_181910/outputs/phase_script_inventory.txt	108921	outputs	moved	
outputs/ci/phase11/phase11-summary.xml	backups/quarantine/20251110_181910/outputs/ci/phase11/phase11-summary.xml	1961	outputs	moved	
outputs/ci/phase11/junit-all.xml	backups/quarantine/20251110_181910/outputs/ci/phase11/junit-all.xml	1980	outputs	moved	
outputs/ci/phase11/phase11-testcases.tsv	backups/quarantine/20251110_181910/outputs/ci/phase11/phase11-testcases.tsv	331	outputs	moved	
outputs/logs/scripts_phase11_module_a_11A_anomaly_log_writer_READY.py.log	backups/quarantine/20251110_181910/outputs/logs/scripts_phase11_module_a_11A_anomaly_log_writer_READY.py.log	7	outputs	moved	
outputs/logs/scripts_phase11_module_a_11A_automation_flow_breakpoint_map_READY.py.log	backups/quarantine/20251110_181910/outputs/logs/scripts_phase11_module_a_11A_automation_flow_breakpoint_map_READY.py.log	7	outputs	moved	
outputs/logs/scripts_phase11_module_a_11A_error_log_monitor_READY.py.log	backups/quarantine/20251110_181910/outputs/logs/scripts_phase11_module_a_11A_error_log_monitor_READY.py.log	7	outputs	moved	
outputs/logs/scripts_phase11_module_a_11A_file_integrity_checker_READY.py.log	backups/quarantine/20251110_181910/outputs/logs/scripts_phase11_module_a_11A_file_integrity_checker_READY.py.log	65	outputs	moved	
outputs/logs/scripts_phase11_module_a_11A_file_watchdog_READY.py.log	backups/quarantine/20251110_181910/outputs/logs/scripts_phase11_module_a_11A_file_watchdog_READY.py.log	7	outputs	moved	
outputs/logs/scripts_phase11_module_a_11A_missing_module_detector_READY.py.log	backups/quarantine/20251110_181910/outputs/logs/scripts_phase11_module_a_11A_missing_module_detector_READY.py.log	7	outputs	moved	
outputs/logs/scripts_phase11_module_a_11A_placeholder_READY.py.log	backups/quarantine/20251110_181910/outputs/logs/scripts_phase11_module_a_11A_placeholder_READY.py.log	7	outputs	moved	
outputs/logs/scripts_phase11_module_a_11A_script_health_verifier_READY.py.log	backups/quarantine/20251110_181910/outputs/logs/scripts_phase11_module_a_11A_script_health_verifier_READY.py.log	7	outputs	moved	
outputs/logs/scripts_phase11_module_a_11A_watchdog_agent_READY.py.log	backups/quarantine/20251110_181910/outputs/logs/scripts_phase11_module_a_11A_watchdog_agent_READY.py.log	57	outputs	moved	
outputs/logs/scripts_phase11_module_aa_11AA_failure_memory_builder_READY.py.log	backups/quarantine/20251110_181910/outputs/logs/scripts_phase11_module_aa_11AA_failure_memory_builder_READY.py.log	99	outputs	moved	
outputs/logs/scripts_phase11_module_aa_11AA_risk_adaptive_agent_tuner_READY.py.log	backups/quarantine/20251110_181910/outputs/logs/scripts_phase11_module_aa_11AA_risk_adaptive_agent_tuner_READY.py.log	102	outputs	moved	
outputs/logs/scripts_phase11_module_aa_11AA_self_healing_loop_generator_READY.py.log	backups/quarantine/20251110_181910/outputs/logs/scripts_phase11_module_aa_11AA_self_healing_loop_generator_READY.py.log	104	outputs	moved	
outputs/logs/scripts_phase11_module_ab_11AB_agent_identity_vault_READY.py.log	backups/quarantine/20251110_181910/outputs/logs/scripts_phase11_module_ab_11AB_agent_identity_vault_READY.py.log	97	outputs	moved	
outputs/logs/scripts_phase11_module_ab_11AB_agent_signature_validator_READY.py.log	backups/quarantine/20251110_181910/outputs/logs/scripts_phase11_module_ab_11AB_agent_signature_validator_READY.py.log	102	outputs	moved	
outputs/logs/scripts_phase11_module_ab_11AB_zero_trust_access_policy_engine_READY.py.log	backups/quarantine/20251110_181910/outputs/logs/scripts_phase11_module_ab_11AB_zero_trust_access_policy_engine_READY.py.log	108	outputs	moved	
outputs/logs/scripts_phase11_module_b_11B_api_key_leak_checker_READY.py.log	backups/quarantine/20251110_181910/outputs/logs/scripts_phase11_module_b_11B_api_key_leak_checker_READY.py.log	7	outputs	moved	
outputs/logs/scripts_phase11_module_b_11B_credential_vault_manager_READY.py.log	backups/quarantine/20251110_181910/outputs/logs/scripts_phase11_module_b_11B_credential_vault_manager_READY.py.log	141	outputs	moved	
outputs/logs/scripts_phase11_module_b_11B_missing_script_READY.py.log	backups/quarantine/20251110_181910/outputs/logs/scripts_phase11_module_b_11B_missing_script_READY.py.log	7	outputs	moved	
outputs/logs/scripts_phase11_module_b_11B_placeholder_READY.py.log	backups/quarantine/20251110_181910/outputs/logs/scripts_phase11_module_b_11B_placeholder_READY.py.log	7	outputs	moved	
outputs/logs/scripts_phase11_module_b_11B_rate_limit_stress_test_READY.py.log	backups/quarantine/20251110_181910/outputs/logs/scripts_phase11_module_b_11B_rate_limit_stress_test_READY.py.log	7	outputs	moved	
outputs/logs/scripts_phase11_module_c_11C_behavioral_verification_READY.py.log	backups/quarantine/20251110_181910/outputs/logs/scripts_phase11_module_c_11C_behavioral_verification_READY.py.log	30	outputs	moved	
outputs/logs/scripts_phase11_module_d_11D_api_callchain_integrity_READY.py.log	backups/quarantine/20251110_181910/outputs/logs/scripts_phase11_module_d_11D_api_callchain_integrity_READY.py.log	38	outputs	moved	
outputs/logs/scripts_phase11_module_d_11D_api_callchain_READY.py.log	backups/quarantine/20251110_181910/outputs/logs/scripts_phase11_module_d_11D_api_callchain_READY.py.log	5	outputs	moved	
outputs/logs/scripts_phase11_module_e_11E_api_health_checker_READY.py.log	backups/quarantine/20251110_181910/outputs/logs/scripts_phase11_module_e_11E_api_health_checker_READY.py.log	58	outputs	moved	
outputs/logs/scripts_phase11_module_e_11E_bottleneck_profiler_READY.py.log	backups/quarantine/20251110_181910/outputs/logs/scripts_phase11_module_e_11E_bottleneck_profiler_READY.py.log	59	outputs	moved	
outputs/logs/scripts_phase11_module_e_11E_broken_script_detector_READY.py.log	backups/quarantine/20251110_181910/outputs/logs/scripts_phase11_module_e_11E_broken_script_detector_READY.py.log	62	outputs	moved	
outputs/logs/scripts_phase11_module_e_11E_budget_burn_monitor_READY.py.log	backups/quarantine/20251110_181910/outputs/logs/scripts_phase11_module_e_11E_budget_burn_monitor_READY.py.log	59	outputs	moved	
outputs/logs/scripts_phase11_module_e_11E_file_folder_cleanup_READY.py.log	backups/quarantine/20251110_181910/outputs/logs/scripts_phase11_module_e_11E_file_folder_cleanup_READY.py.log	59	outputs	moved	
outputs/logs/scripts_phase11_module_e_11E_placeholder_READY.py.log	backups/quarantine/20251110_181910/outputs/logs/scripts_phase11_module_e_11E_placeholder_READY.py.log	51	outputs	moved	
outputs/logs/scripts_phase11_module_e_11E_protection_guard_READY.py.log	backups/quarantine/20251110_181910/outputs/logs/scripts_phase11_module_e_11E_protection_guard_READY.py.log	56	outputs	moved	
outputs/logs/scripts_phase11_module_f_11F_agent_performance_log_READY.py.log	backups/quarantine/20251110_181910/outputs/logs/scripts_phase11_module_f_11F_agent_performance_log_READY.py.log	61	outputs	moved	
outputs/logs/scripts_phase11_module_f_11F_budget_burn_monitor_READY.py.log	backups/quarantine/20251110_181910/outputs/logs/scripts_phase11_module_f_11F_budget_burn_monitor_READY.py.log	59	outputs	moved	
outputs/logs/scripts_phase11_module_f_11F_error_pattern_analyzer_READY.py.log	backups/quarantine/20251110_181910/outputs/logs/scripts_phase11_module_f_11F_error_pattern_analyzer_READY.py.log	62	outputs	moved	
outputs/logs/scripts_phase11_module_f_11F_placeholder_READY.py.log	backups/quarantine/20251110_181910/outputs/logs/scripts_phase11_module_f_11F_placeholder_READY.py.log	51	outputs	moved	
outputs/logs/scripts_phase11_module_f_11F_protection_guard_READY.py.log	backups/quarantine/20251110_181910/outputs/logs/scripts_phase11_module_f_11F_protection_guard_READY.py.log	56	outputs	moved	
outputs/logs/scripts_phase11_module_f_11F_redundancy_reducer_READY.py.log	backups/quarantine/20251110_181910/outputs/logs/scripts_phase11_module_f_11F_redundancy_reducer_READY.py.log	58	outputs	moved	
outputs/logs/scripts_phase11_module_f_11F_retry_dead_job_scanner_READY.py.log	backups/quarantine/20251110_181910/outputs/logs/scripts_phase11_module_f_11F_retry_dead_job_scanner_READY.py.log	62	outputs	moved	
outputs/logs/scripts_phase11_module_g_11G_full_system_audit_report_READY.py.log	backups/quarantine/20251110_181910/outputs/logs/scripts_phase11_module_g_11G_full_system_audit_report_READY.py.log	100	outputs	moved	
outputs/logs/scripts_phase11_module_g_11G_placeholder_READY.py.log	backups/quarantine/20251110_181910/outputs/logs/scripts_phase11_module_g_11G_placeholder_READY.py.log	7	outputs	moved	
outputs/logs/scripts_phase11_module_h_11H_dead_api_key_validator_READY.py.log	backups/quarantine/20251110_181910/outputs/logs/scripts_phase11_module_h_11H_dead_api_key_validator_READY.py.log	98	outputs	moved	
outputs/logs/scripts_phase11_module_h_11H_dependency_graph_audit_READY.py.log	backups/quarantine/20251110_181910/outputs/logs/scripts_phase11_module_h_11H_dependency_graph_audit_READY.py.log	98	outputs	moved	
outputs/logs/scripts_phase11_module_h_11H_logging_coverage_analyzer_READY.py.log	backups/quarantine/20251110_181910/outputs/logs/scripts_phase11_module_h_11H_logging_coverage_analyzer_READY.py.log	101	outputs	moved	
outputs/logs/scripts_phase11_module_h_11H_orphan_file_detector_READY.py.log	backups/quarantine/20251110_181910/outputs/logs/scripts_phase11_module_h_11H_orphan_file_detector_READY.py.log	96	outputs	moved	
outputs/logs/scripts_phase11_module_h_11H_output_file_validator_READY.py.log	backups/quarantine/20251110_181910/outputs/logs/scripts_phase11_module_h_11H_output_file_validator_READY.py.log	97	outputs	moved	
outputs/logs/scripts_phase11_module_h_11H_placeholder_READY.py.log	backups/quarantine/20251110_181910/outputs/logs/scripts_phase11_module_h_11H_placeholder_READY.py.log	7	outputs	moved	
outputs/logs/scripts_phase11_module_h_11H_retry_logic_tester_READY.py.log	backups/quarantine/20251110_181910/outputs/logs/scripts_phase11_module_h_11H_retry_logic_tester_READY.py.log	94	outputs	moved	
outputs/logs/scripts_phase11_module_i_11I_ai_decision_watchdog_READY.py.log	backups/quarantine/20251110_181910/outputs/logs/scripts_phase11_module_i_11I_ai_decision_watchdog_READY.py.log	96	outputs	moved	
outputs/logs/scripts_phase11_module_i_11I_broken_link_embed_fixer_READY.py.log	backups/quarantine/20251110_181910/outputs/logs/scripts_phase11_module_i_11I_broken_link_embed_fixer_READY.py.log	99	outputs	moved	
outputs/logs/scripts_phase11_module_i_11I_central_config_migration_READY.py.log	backups/quarantine/20251110_181910/outputs/logs/scripts_phase11_module_i_11I_central_config_migration_READY.py.log	100	outputs	moved	
outputs/logs/scripts_phase11_module_i_11I_cost_overflow_stopper_READY.py.log	backups/quarantine/20251110_181910/outputs/logs/scripts_phase11_module_i_11I_cost_overflow_stopper_READY.py.log	97	outputs	moved	
outputs/logs/scripts_phase11_module_i_11I_fallback_agent_builder_READY.py.log	backups/quarantine/20251110_181910/outputs/logs/scripts_phase11_module_i_11I_fallback_agent_builder_READY.py.log	98	outputs	moved	
outputs/logs/scripts_phase11_module_i_11I_modularize_orchestration_READY.py.log	backups/quarantine/20251110_181910/outputs/logs/scripts_phase11_module_i_11I_modularize_orchestration_READY.py.log	100	outputs	moved	
outputs/logs/scripts_phase11_module_i_11I_placeholder_READY.py.log	backups/quarantine/20251110_181910/outputs/logs/scripts_phase11_module_i_11I_placeholder_READY.py.log	7	outputs	moved	
outputs/logs/scripts_phase11_module_i_11I_rate_limit_guard_READY.py.log	backups/quarantine/20251110_181910/outputs/logs/scripts_phase11_module_i_11I_rate_limit_guard_READY.py.log	92	outputs	moved	
outputs/logs/scripts_phase11_module_i_11I_regression_test_runner_READY.py.log	backups/quarantine/20251110_181910/outputs/logs/scripts_phase11_module_i_11I_regression_test_runner_READY.py.log	98	outputs	moved	
outputs/logs/scripts_phase11_module_i_11I_system_wide_retry_limiter_READY.py.log	backups/quarantine/20251110_181910/outputs/logs/scripts_phase11_module_i_11I_system_wide_retry_limiter_READY.py.log	101	outputs	moved	
outputs/logs/scripts_phase11_module_j_11J_load_spike_simulator_READY.py.log	backups/quarantine/20251110_181910/outputs/logs/scripts_phase11_module_j_11J_load_spike_simulator_READY.py.log	96	outputs	moved	
outputs/logs/scripts_phase11_module_j_11J_memory_leak_detector_READY.py.log	backups/quarantine/20251110_181910/outputs/logs/scripts_phase11_module_j_11J_memory_leak_detector_READY.py.log	96	outputs	moved	
outputs/logs/scripts_phase11_module_j_11J_placeholder_READY.py.log	backups/quarantine/20251110_181910/outputs/logs/scripts_phase11_module_j_11J_placeholder_READY.py.log	7	outputs	moved	
outputs/logs/scripts_phase11_module_j_11J_random_failure_injector_READY.py.log	backups/quarantine/20251110_181910/outputs/logs/scripts_phase11_module_j_11J_random_failure_injector_READY.py.log	99	outputs	moved	
outputs/logs/scripts_phase11_module_k_11K_admin_access_checker_READY.py.log	backups/quarantine/20251110_181910/outputs/logs/scripts_phase11_module_k_11K_admin_access_checker_READY.py.log	96	outputs	moved	
outputs/logs/scripts_phase11_module_k_11K_config_tamper_detector_READY.py.log	backups/quarantine/20251110_181910/outputs/logs/scripts_phase11_module_k_11K_config_tamper_detector_READY.py.log	98	outputs	moved	
outputs/logs/scripts_phase11_module_k_11K_directory_write_lock_verifier_READY.py.log	backups/quarantine/20251110_181910/outputs/logs/scripts_phase11_module_k_11K_directory_write_lock_verifier_READY.py.log	105	outputs	moved	
outputs/logs/scripts_phase11_module_k_11K_placeholder_READY.py.log	backups/quarantine/20251110_181910/outputs/logs/scripts_phase11_module_k_11K_placeholder_READY.py.log	7	outputs	moved	
outputs/logs/scripts_phase11_module_l_11L_output_change_diff_checker_READY.py.log	backups/quarantine/20251110_181910/outputs/logs/scripts_phase11_module_l_11L_output_change_diff_checker_READY.py.log	102	outputs	moved	
outputs/logs/scripts_phase11_module_l_11L_placeholder_READY.py.log	backups/quarantine/20251110_181910/outputs/logs/scripts_phase11_module_l_11L_placeholder_READY.py.log	7	outputs	moved	
outputs/logs/scripts_phase11_module_l_11L_rate_limit_guard_READY.py.log	backups/quarantine/20251110_181910/outputs/logs/scripts_phase11_module_l_11L_rate_limit_guard_READY.py.log	7	outputs	moved	
outputs/logs/scripts_phase11_module_l_11L_time_stamped_run_archiver_READY.py.log	backups/quarantine/20251110_181910/outputs/logs/scripts_phase11_module_l_11L_time_stamped_run_archiver_READY.py.log	101	outputs	moved	
outputs/logs/scripts_phase11_module_l_11L_version_drift_detector_READY.py.log	backups/quarantine/20251110_181910/outputs/logs/scripts_phase11_module_l_11L_version_drift_detector_READY.py.log	98	outputs	moved	
outputs/logs/scripts_phase11_module_m_11M_api_abuse_detector_READY.py.log	backups/quarantine/20251110_181910/outputs/logs/scripts_phase11_module_m_11M_api_abuse_detector_READY.py.log	94	outputs	moved	
outputs/logs/scripts_phase11_module_m_11M_input_sanitizer_READY.py.log	backups/quarantine/20251110_181910/outputs/logs/scripts_phase11_module_m_11M_input_sanitizer_READY.py.log	91	outputs	moved	
outputs/logs/scripts_phase11_module_m_11M_placeholder_READY.py.log	backups/quarantine/20251110_181910/outputs/logs/scripts_phase11_module_m_11M_placeholder_READY.py.log	7	outputs	moved	
outputs/logs/scripts_phase11_module_m_11M_prompt_injection_tester_READY.py.log	backups/quarantine/20251110_181910/outputs/logs/scripts_phase11_module_m_11M_prompt_injection_tester_READY.py.log	99	outputs	moved	
outputs/logs/scripts_phase11_module_n_11N_approval_gate_for_high_risk_ops_READY.py.log	backups/quarantine/20251110_181910/outputs/logs/scripts_phase11_module_n_11N_approval_gate_for_high_risk_ops_READY.py.log	107	outputs	moved	
outputs/logs/scripts_phase11_module_n_11N_manual_override_toggle_READY.py.log	backups/quarantine/20251110_181910/outputs/logs/scripts_phase11_module_n_11N_manual_override_toggle_READY.py.log	98	outputs	moved	
outputs/logs/scripts_phase11_module_n_11N_placeholder_READY.py.log	backups/quarantine/20251110_181910/outputs/logs/scripts_phase11_module_n_11N_placeholder_READY.py.log	7	outputs	moved	
outputs/logs/scripts_phase11_module_n_11N_slack_email_alert_system_READY.py.log	backups/quarantine/20251110_181910/outputs/logs/scripts_phase11_module_n_11N_slack_email_alert_system_READY.py.log	100	outputs	moved	
outputs/logs/scripts_phase11_module_o_11O_placeholder_READY.py.log	backups/quarantine/20251110_181910/outputs/logs/scripts_phase11_module_o_11O_placeholder_READY.py.log	7	outputs	moved	
outputs/logs/scripts_phase11_module_o_11O_real_time_log_streamer_READY.py.log	backups/quarantine/20251110_181910/outputs/logs/scripts_phase11_module_o_11O_real_time_log_streamer_READY.py.log	98	outputs	moved	
outputs/logs/scripts_phase11_module_o_11O_telemetry_exporter_READY.py.log	backups/quarantine/20251110_181910/outputs/logs/scripts_phase11_module_o_11O_telemetry_exporter_READY.py.log	94	outputs	moved	
outputs/logs/scripts_phase11_module_o_11O_unified_log_aggregator_READY.py.log	backups/quarantine/20251110_181910/outputs/logs/scripts_phase11_module_o_11O_unified_log_aggregator_READY.py.log	98	outputs	moved	
outputs/logs/scripts_phase11_module_p_11P_api_terms_compliance_checker_READY.py.log	backups/quarantine/20251110_181910/outputs/logs/scripts_phase11_module_p_11P_api_terms_compliance_checker_READY.py.log	104	outputs	moved	
outputs/logs/scripts_phase11_module_p_11P_attribution_inserter_READY.py.log	backups/quarantine/20251110_181910/outputs/logs/scripts_phase11_module_p_11P_attribution_inserter_READY.py.log	96	outputs	moved	
outputs/logs/scripts_phase11_module_p_11P_license_file_auditor_READY.py.log	backups/quarantine/20251110_181910/outputs/logs/scripts_phase11_module_p_11P_license_file_auditor_READY.py.log	96	outputs	moved	
outputs/logs/scripts_phase11_module_p_11P_placeholder_READY.py.log	backups/quarantine/20251110_181910/outputs/logs/scripts_phase11_module_p_11P_placeholder_READY.py.log	7	outputs	moved	
outputs/logs/scripts_phase11_module_q_11Q_dependency_version_pin_checker_READY.py.log	backups/quarantine/20251110_181910/outputs/logs/scripts_phase11_module_q_11Q_dependency_version_pin_checker_READY.py.log	106	outputs	moved	
outputs/logs/scripts_phase11_module_q_11Q_placeholder_READY.py.log	backups/quarantine/20251110_181910/outputs/logs/scripts_phase11_module_q_11Q_placeholder_READY.py.log	7	outputs	moved	
outputs/logs/scripts_phase11_module_q_11Q_python_environment_verifier_READY.py.log	backups/quarantine/20251110_181910/outputs/logs/scripts_phase11_module_q_11Q_python_environment_verifier_READY.py.log	103	outputs	moved	
outputs/logs/scripts_phase11_module_q_11Q_virtualenv_isolation_enforcer_READY.py.log	backups/quarantine/20251110_181910/outputs/logs/scripts_phase11_module_q_11Q_virtualenv_isolation_enforcer_READY.py.log	105	outputs	moved	
outputs/logs/scripts_phase11_module_r_11R_placeholder_READY.py.log	backups/quarantine/20251110_181910/outputs/logs/scripts_phase11_module_r_11R_placeholder_READY.py.log	7	outputs	moved	
outputs/logs/scripts_phase11_module_r_11R_shadow_run_mode_READY.py.log	backups/quarantine/20251110_181910/outputs/logs/scripts_phase11_module_r_11R_shadow_run_mode_READY.py.log	91	outputs	moved	
outputs/logs/scripts_phase11_module_r_11R_silent_error_logger_READY.py.log	backups/quarantine/20251110_181910/outputs/logs/scripts_phase11_module_r_11R_silent_error_logger_READY.py.log	7	outputs	moved	
outputs/logs/scripts_phase11_module_r_11R_sneak_audit_agent_READY.py.log	backups/quarantine/20251110_181910/outputs/logs/scripts_phase11_module_r_11R_sneak_audit_agent_READY.py.log	93	outputs	moved	
outputs/logs/scripts_phase11_module_s_11S_ai_risk_classifier_READY.py.log	backups/quarantine/20251110_181910/outputs/logs/scripts_phase11_module_s_11S_ai_risk_classifier_READY.py.log	94	outputs	moved	
outputs/logs/scripts_phase11_module_s_11S_mitigation_suggestion_engine_READY.py.log	backups/quarantine/20251110_181910/outputs/logs/scripts_phase11_module_s_11S_mitigation_suggestion_engine_READY.py.log	104	outputs	moved	
outputs/logs/scripts_phase11_module_s_11S_placeholder_READY.py.log	backups/quarantine/20251110_181910/outputs/logs/scripts_phase11_module_s_11S_placeholder_READY.py.log	7	outputs	moved	
outputs/logs/scripts_phase11_module_s_11S_risk_score_dashboard_READY.py.log	backups/quarantine/20251110_181910/outputs/logs/scripts_phase11_module_s_11S_risk_score_dashboard_READY.py.log	96	outputs	moved	
outputs/logs/scripts_phase11_module_t_11T_audit_trail_renderer_READY.py.log	backups/quarantine/20251110_181910/outputs/logs/scripts_phase11_module_t_11T_audit_trail_renderer_READY.py.log	96	outputs	moved	
outputs/logs/scripts_phase11_module_t_11T_decision_chain_visualizer_READY.py.log	backups/quarantine/20251110_181910/outputs/logs/scripts_phase11_module_t_11T_decision_chain_visualizer_READY.py.log	101	outputs	moved	
outputs/logs/scripts_phase11_module_t_11T_output_attribution_tracer_READY.py.log	backups/quarantine/20251110_181910/outputs/logs/scripts_phase11_module_t_11T_output_attribution_tracer_READY.py.log	101	outputs	moved	
outputs/logs/scripts_phase11_module_t_11T_placeholder_READY.py.log	backups/quarantine/20251110_181910/outputs/logs/scripts_phase11_module_t_11T_placeholder_READY.py.log	7	outputs	moved	
outputs/logs/scripts_phase11_module_u_11U_agent_voting_system_READY.py.log	backups/quarantine/20251110_181910/outputs/logs/scripts_phase11_module_u_11U_agent_voting_system_READY.py.log	95	outputs	moved	
outputs/logs/scripts_phase11_module_u_11U_chain_of_responsibility_resolver_READY.py.log	backups/quarantine/20251110_181910/outputs/logs/scripts_phase11_module_u_11U_chain_of_responsibility_resolver_READY.py.log	108	outputs	moved	
outputs/logs/scripts_phase11_module_u_11U_conflict_detector_between_agents_READY.py.log	backups/quarantine/20251110_181910/outputs/logs/scripts_phase11_module_u_11U_conflict_detector_between_agents_READY.py.log	108	outputs	moved	
outputs/logs/scripts_phase11_module_u_11U_placeholder_READY.py.log	backups/quarantine/20251110_181910/outputs/logs/scripts_phase11_module_u_11U_placeholder_READY.py.log	7	outputs	moved	
outputs/logs/scripts_phase11_module_v_11V_maintece_nudger_READY.py.log	backups/quarantine/20251110_181910/outputs/logs/scripts_phase11_module_v_11V_maintece_nudger_READY.py.log	91	outputs	moved	
outputs/logs/scripts_phase11_module_v_11V_output_drift_detector_READY.py.log	backups/quarantine/20251110_181910/outputs/logs/scripts_phase11_module_v_11V_output_drift_detector_READY.py.log	97	outputs	moved	
outputs/logs/scripts_phase11_module_v_11V_placeholder_READY.py.log	backups/quarantine/20251110_181910/outputs/logs/scripts_phase11_module_v_11V_placeholder_READY.py.log	7	outputs	moved	
outputs/logs/scripts_phase11_module_v_11V_unused_agent_scanner_READY.py.log	backups/quarantine/20251110_181910/outputs/logs/scripts_phase11_module_v_11V_unused_agent_scanner_READY.py.log	96	outputs	moved	
outputs/logs/scripts_phase11_module_w_11W_ethical_decision_flagger_READY.py.log	backups/quarantine/20251110_181910/outputs/logs/scripts_phase11_module_w_11W_ethical_decision_flagger_READY.py.log	100	outputs	moved	
outputs/logs/scripts_phase11_module_w_11W_hallucination_catcher_READY.py.log	backups/quarantine/20251110_181910/outputs/logs/scripts_phase11_module_w_11W_hallucination_catcher_READY.py.log	97	outputs	moved	
outputs/logs/scripts_phase11_module_w_11W_placeholder_READY.py.log	backups/quarantine/20251110_181910/outputs/logs/scripts_phase11_module_w_11W_placeholder_READY.py.log	7	outputs	moved	
outputs/logs/scripts_phase11_module_w_11W_toxicity_bias_filter_READY.py.log	backups/quarantine/20251110_181910/outputs/logs/scripts_phase11_module_w_11W_toxicity_bias_filter_READY.py.log	96	outputs	moved	
outputs/logs/scripts_phase11_module_x_11X_agent_sabotage_replay_detector_READY.py.log	backups/quarantine/20251110_181910/outputs/logs/scripts_phase11_module_x_11X_agent_sabotage_replay_detector_READY.py.log	106	outputs	moved	
outputs/logs/scripts_phase11_module_x_11X_llm_jailbreak_resistance_tester_READY.py.log	backups/quarantine/20251110_181910/outputs/logs/scripts_phase11_module_x_11X_llm_jailbreak_resistance_tester_READY.py.log	107	outputs	moved	
outputs/logs/scripts_phase11_module_x_11X_placeholder_READY.py.log	backups/quarantine/20251110_181910/outputs/logs/scripts_phase11_module_x_11X_placeholder_READY.py.log	7	outputs	moved	
outputs/logs/scripts_phase11_module_x_11X_red_team_threat_simulator_READY.py.log	backups/quarantine/20251110_181910/outputs/logs/scripts_phase11_module_x_11X_red_team_threat_simulator_READY.py.log	101	outputs	moved	
outputs/logs/scripts_phase11_module_y_11Y_agent_uptime_monitor_READY.py.log	backups/quarantine/20251110_181910/outputs/logs/scripts_phase11_module_y_11Y_agent_uptime_monitor_READY.py.log	96	outputs	moved	
outputs/logs/scripts_phase11_module_y_11Y_multi_tier_auto_restarter_READY.py.log	backups/quarantine/20251110_181910/outputs/logs/scripts_phase11_module_y_11Y_multi_tier_auto_restarter_READY.py.log	101	outputs	moved	
outputs/logs/scripts_phase11_module_y_11Y_placeholder_READY.py.log	backups/quarantine/20251110_181910/outputs/logs/scripts_phase11_module_y_11Y_placeholder_READY.py.log	7	outputs	moved	
outputs/logs/scripts_phase11_module_y_11Y_sla_violation_logger_READY.py.log	backups/quarantine/20251110_181910/outputs/logs/scripts_phase11_module_y_11Y_sla_violation_logger_READY.py.log	96	outputs	moved	
outputs/logs/scripts_phase11_module_z_11Z_auto_rollback_controller_READY.py.log	backups/quarantine/20251110_181910/outputs/logs/scripts_phase11_module_z_11Z_auto_rollback_controller_READY.py.log	100	outputs	moved	
outputs/logs/scripts_phase11_module_z_11Z_placeholder_READY.py.log	backups/quarantine/20251110_181910/outputs/logs/scripts_phase11_module_z_11Z_placeholder_READY.py.log	7	outputs	moved	
outputs/logs/scripts_phase11_module_z_11Z_snapshot_creation_diff_engine_READY.py.log	backups/quarantine/20251110_181910/outputs/logs/scripts_phase11_module_z_11Z_snapshot_creation_diff_engine_READY.py.log	105	outputs	moved	
outputs/logs/scripts_phase11_module_z_11Z_step_by_step_time_travel_debugger_READY.py.log	backups/quarantine/20251110_181910/outputs/logs/scripts_phase11_module_z_11Z_step_by_step_time_travel_debugger_READY.py.log	109	outputs	moved	
outputs/logs/scripts_phase11_outputs_phase11_outputs_placeholder_READY.py.log	backups/quarantine/20251110_181910/outputs/logs/scripts_phase11_outputs_phase11_outputs_placeholder_READY.py.log	7	outputs	moved	
outputs/logs/master_orchestrator_summary.tsv	backups/quarantine/20251110_181910/outputs/logs/master_orchestrator_summary.tsv	7968	outputs	moved	
outputs/logs/phase11_cycle_log_20251108_015853.txt	backups/quarantine/20251110_181910/outputs/logs/phase11_cycle_log_20251108_015853.txt	42	outputs	moved	
outputs/logs/phase11_cycle_log_20251108_020949.txt	backups/quarantine/20251110_181910/outputs/logs/phase11_cycle_log_20251108_020949.txt	42	outputs	moved	
outputs/logs/phase11_cycle_log_20251108_021716.txt	backups/quarantine/20251110_181910/outputs/logs/phase11_cycle_log_20251108_021716.txt	42	outputs	moved	
outputs/logs/phase11_cycle_log_20251108_022138.txt	backups/quarantine/20251110_181910/outputs/logs/phase11_cycle_log_20251108_022138.txt	42	outputs	moved	
outputs/logs/phase11_cycle_log_20251108_023128.txt	backups/quarantine/20251110_181910/outputs/logs/phase11_cycle_log_20251108_023128.txt	42	outputs	moved	
outputs/logs/cleanup_repo_20251110_091918.log	backups/quarantine/20251110_181910/outputs/logs/cleanup_repo_20251110_091918.log	73620	outputs	moved	
outputs/logs/cleanup_repo_20251110_092155.log	backups/quarantine/20251110_181910/outputs/logs/cleanup_repo_20251110_092155.log	120	outputs	moved	
outputs/logs/week11_snapshot_20251110_112913.txt	backups/quarantine/20251110_181910/outputs/logs/week11_snapshot_20251110_112913.txt	239	outputs	moved	
outputs/logs/pytest_fast_20251110.log	backups/quarantine/20251110_181910/outputs/logs/pytest_fast_20251110.log	6430	outputs	moved	
outputs/logs/pytest_fast_20251110_round2.log	backups/quarantine/20251110_181910/outputs/logs/pytest_fast_20251110_round2.log	5628	outputs	moved	
outputs/logs/phase10/phase10_seo_keywords_READY.py.log	backups/quarantine/20251110_181910/outputs/logs/phase10/phase10_seo_keywords_READY.py.log	238	outputs	moved	
outputs/logs/phase6/phase6_retry_scheduler_READY.py.log	backups/quarantine/20251110_181910/outputs/logs/phase6/phase6_retry_scheduler_READY.py.log	246	outputs	moved	
outputs/logs/phase6/phase6_uploader_example_READY.py.log	backups/quarantine/20251110_181910/outputs/logs/phase6/phase6_uploader_example_READY.py.log	250	outputs	moved	
outputs/logs/phase7/phase7_affiliate_handler_READY.py.log	backups/quarantine/20251110_181910/outputs/logs/phase7/phase7_affiliate_handler_READY.py.log	254	outputs	moved	
outputs/logs/phase8/phase8_traffic_sentiment_analysis_READY.py.log	backups/quarantine/20251110_181910/outputs/logs/phase8/phase8_traffic_sentiment_analysis_READY.py.log	290	outputs	moved	
outputs/logs/phase9/phase9_orchestration_runner_READY.py.log	backups/quarantine/20251110_181910/outputs/logs/phase9/phase9_orchestration_runner_READY.py.log	266	outputs	moved	
outputs/logs/week6/w6_checks.ps1	backups/quarantine/20251110_181910/outputs/logs/week6/w6_checks.ps1	1096	outputs	moved	
outputs/logs/week6/week6_status.tsv	backups/quarantine/20251110_181910/outputs/logs/week6/week6_status.tsv	1174	outputs	moved	
outputs/logs/week6/inject_failures.log	backups/quarantine/20251110_181910/outputs/logs/week6/inject_failures.log	48	outputs	moved	
outputs/logs/week6/chaos_20251108_013509.log	backups/quarantine/20251110_181910/outputs/logs/week6/chaos_20251108_013509.log	48	outputs	moved	
outputs/logs/week6/post_chaos_smokes.log	backups/quarantine/20251110_181910/outputs/logs/week6/post_chaos_smokes.log	7454	outputs	moved	
outputs/logs/week6/chaos_20251108_015550.log	backups/quarantine/20251110_181910/outputs/logs/week6/chaos_20251108_015550.log	48	outputs	moved	
outputs/logs/week6/post_chaos_phase11_smokes.log	backups/quarantine/20251110_181910/outputs/logs/week6/post_chaos_phase11_smokes.log	416136	outputs	moved	
outputs/logs/week6/phase11_guards_after_chaos.log	backups/quarantine/20251110_181910/outputs/logs/week6/phase11_guards_after_chaos.log	3050	outputs	moved	
outputs/logs/week6/chaos_20251108_020645.log	backups/quarantine/20251110_181910/outputs/logs/week6/chaos_20251108_020645.log	48	outputs	moved	
outputs/logs/week6/pytest_full.log	backups/quarantine/20251110_181910/outputs/logs/week6/pytest_full.log	1622	outputs	moved	
outputs/logs/week6/chaos_20251108_021837.log	backups/quarantine/20251110_181910/outputs/logs/week6/chaos_20251108_021837.log	48	outputs	moved	
outputs/manifest_backups/manifest_backup_1762542279.json	backups/quarantine/20251110_181910/outputs/manifest_backups/manifest_backup_1762542279.json	288858	outputs	moved	
outputs/manifest_backups/manifest_backup_1762544702.json	backups/quarantine/20251110_181910/outputs/manifest_backups/manifest_backup_1762544702.json	79278	outputs	moved	
outputs/manifest_backups/manifest_backup_1762546155.json	backups/quarantine/20251110_181910/outputs/manifest_backups/manifest_backup_1762546155.json	79278	outputs	moved	
outputs/manifest_backups/manifest_backup_1762546333.json	backups/quarantine/20251110_181910/outputs/manifest_backups/manifest_backup_1762546333.json	79278	outputs	moved	
outputs/manifest_backups/manifest_backup_1762547810.json	backups/quarantine/20251110_181910/outputs/manifest_backups/manifest_backup_1762547810.json	79278	outputs	moved	
outputs/manifest_backups/manifest_backup_1762547895.json	backups/quarantine/20251110_181910/outputs/manifest_backups/manifest_backup_1762547895.json	288250	outputs	moved	
outputs/manifest_backups/manifest_backup_1762548742.json	backups/quarantine/20251110_181910/outputs/manifest_backups/manifest_backup_1762548742.json	79278	outputs	moved	
outputs/manifest_backups/manifest_backup_1762548872.json	backups/quarantine/20251110_181910/outputs/manifest_backups/manifest_backup_1762548872.json	79278	outputs	moved	
outputs/manifest_backups/manifest_backup_1762690966.json	backups/quarantine/20251110_181910/outputs/manifest_backups/manifest_backup_1762690966.json	79278	outputs	moved	
outputs/manifest_backups/manifest_backup_1762691525.json	backups/quarantine/20251110_181910/outputs/manifest_backups/manifest_backup_1762691525.json	79467	outputs	moved	
outputs/manifest_backups/manifest_backup_1762703040.json	backups/quarantine/20251110_181910/outputs/manifest_backups/manifest_backup_1762703040.json	79467	outputs	moved	
outputs/manifest_backups/manifest_backup_1762757388.json	backups/quarantine/20251110_181910/outputs/manifest_backups/manifest_backup_1762757388.json	79467	outputs	moved	
outputs/manifest_backups/manifest_backup_1762775893.json	backups/quarantine/20251110_181910/outputs/manifest_backups/manifest_backup_1762775893.json	79369	outputs	moved	
outputs/alerts/watchdog_report.log	backups/quarantine/20251110_181910/outputs/alerts/watchdog_report.log	404956	outputs	moved	
outputs/status/stage3_status.json	backups/quarantine/20251110_181910/outputs/status/stage3_status.json	539	outputs	moved	
outputs/status/stage4_status.json	backups/quarantine/20251110_181910/outputs/status/stage4_status.json	335	outputs	moved	
outputs/status/stage6_status.json	backups/quarantine/20251110_181910/outputs/status/stage6_status.json	378	outputs	moved	
logs/trends-2025-10-27.log	backups/quarantine/20251110_181910/logs/trends-2025-10-27.log	830	logs	moved	
logs/trends-2025-10-28.log	backups/quarantine/20251110_181910/logs/trends-2025-10-28.log	1106	logs	moved	
logs/trends-2025-10-29.log	backups/quarantine/20251110_181910/logs/trends-2025-10-29.log	1106	logs	moved	
logs/auto_recover_log.txt	backups/quarantine/20251110_181910/logs/auto_recover_log.txt	5139	logs	moved	
logs/trends-2025-10-30.log	backups/quarantine/20251110_181910/logs/trends-2025-10-30.log	830	logs	moved	
logs/trends-2025-10-31.log	backups/quarantine/20251110_181910/logs/trends-2025-10-31.log	922	logs	moved	
logs/trends-2025-11-01.log	backups/quarantine/20251110_181910/logs/trends-2025-11-01.log	186	logs	moved	
logs/trends-2025-11-03.log	backups/quarantine/20251110_181910/logs/trends-2025-11-03.log	278	logs	moved	
logs/trends-2025-11-04.log	backups/quarantine/20251110_181910/logs/trends-2025-11-04.log	646	logs	moved	
logs/trends-2025-11-05.log	backups/quarantine/20251110_181910/logs/trends-2025-11-05.log	554	logs	moved	
logs/trends-2025-11-06.log	backups/quarantine/20251110_181910/logs/trends-2025-11-06.log	1014	logs	moved	
logs/trends-2025-11-07.log	backups/quarantine/20251110_181910/logs/trends-2025-11-07.log	922	logs	moved	
logs/phase11_sanity.log	backups/quarantine/20251110_181910/logs/phase11_sanity.log	330	logs	moved	
logs/trends-2025-11-08.log	backups/quarantine/20251110_181910/logs/trends-2025-11-08.log	186	logs	moved	
logs/trends-2025-11-09.log	backups/quarantine/20251110_181910/logs/trends-2025-11-09.log	830	logs	moved	
logs/trends-2025-11-10.log	backups/quarantine/20251110_181910/logs/trends-2025-11-10.log	738	logs	moved	
