path	bytes	sha256	generated_at
backups/quarantine/20251110_181910/outputs/mydata.db	45056	7482cafa173ea437bd0f3e6e09eef22d434cab52ed20478505f98327acb83fd1	2025-11-10T12:52:05.050151Z
backups/quarantine/20251110_181910/outputs/youtube_scrape.csv	39	94e1f3ec1e8912ecc3659dde409e4702e4e1b87e5aeba9960189e49d44ef6087	2025-11-10T12:52:05.050151Z
backups/quarantine/20251110_181910/outputs/google_trends.csv	17	bacd92a5fd620ae96db0b76affbca58ae0178ea2b0e01e7bbcdb94000f804006	2025-11-10T12:52:05.050151Z
backups/quarantine/20251110_181910/outputs/reddit_scrape.csv	29	527a46b1078f976de854bc2e5ff06dae18a4cf74e68ab5e91001e698938db81a	2025-11-10T12:52:05.050151Z
backups/quarantine/20251110_181910/outputs/tiktok_scrape.csv	20	1429eb0b9c509b8f6c090b16323da76aa7a5d2e50a2402e645d453a3d2153885	2025-11-10T12:52:05.050151Z
backups/quarantine/20251110_181910/outputs/phase_script_inventory.txt	108921	7d878abe0def7bb1993e390779caee69b4131546a0d222ba82373cbaea0d0380	2025-11-10T12:52:05.050151Z
backups/quarantine/20251110_181910/outputs/ci/phase11/phase11-summary.xml	1961	732ecbd5c6edcb0216386b938b637d0bdf96212e0b73e2d1358affb047d7a930	2025-11-10T12:52:05.050151Z
backups/quarantine/20251110_181910/outputs/ci/phase11/junit-all.xml	1980	7d621b79b2617c01b6f0c502ed6af0dedcd11184b4ce29ef2d070dfbf218476d	2025-11-10T12:52:05.050151Z
backups/quarantine/20251110_181910/outputs/ci/phase11/phase11-testcases.tsv	331	54cd5fc527a1c050e06f3f28f6e34f39fdf6112a5197dcff3d5f47ceba072f6a	2025-11-10T12:52:05.050151Z
backups/quarantine/20251110_181910/outputs/logs/scripts_phase11_module_a_11A_anomaly_log_writer_READY.py.log	7	7898995ff1d52963da927f6fdce0840aa6837bcde6dfcfe2da20974babc3dfe9	2025-11-10T12:52:05.050151Z
backups/quarantine/20251110_181910/outputs/logs/scripts_phase11_module_a_11A_automation_flow_breakpoint_map_READY.py.log	7	7898995ff1d52963da927f6fdce0840aa6837bcde6dfcfe2da20974babc3dfe9	2025-11-10T12:52:05.050151Z
backups/quarantine/20251110_181910/outputs/logs/scripts_phase11_module_a_11A_error_log_monitor_READY.py.log	7	7898995ff1d52963da927f6fdce0840aa6837bcde6dfcfe2da20974babc3dfe9	2025-11-10T12:52:05.050151Z
backups/quarantine/20251110_181910/outputs/logs/scripts_phase11_module_a_11A_file_integrity_checker_READY.py.log	65	8029a0951702fef46cb9055f6b92b993c5be214a9c48e7bd4a3f76752c8b0743	2025-11-10T12:52:05.050151Z
backups/quarantine/20251110_181910/outputs/logs/scripts_phase11_module_a_11A_file_watchdog_READY.py.log	7	7898995ff1d52963da927f6fdce0840aa6837bcde6dfcfe2da20974babc3dfe9	2025-11-10T12:52:05.050151Z
backups/quarantine/20251110_181910/outputs/logs/scripts_phase11_module_a_11A_missing_module_detector_READY.py.log	7	7898995ff1d52963da927f6fdce0840aa6837bcde6dfcfe2da20974babc3dfe9	2025-11-10T12:52:05.050151Z
backups/quarantine/20251110_181910/outputs/logs/scripts_phase11_module_a_11A_placeholder_READY.py.log	7	7898995ff1d52963da927f6fdce0840aa6837bcde6dfcfe2da20974babc3dfe9	2025-11-10T12:52:05.050151Z
backups/quarantine/20251110_181910/outputs/logs/scripts_phase11_module_a_11A_script_health_verifier_READY.py.log	7	7898995ff1d52963da927f6fdce0840aa6837bcde6dfcfe2da20974babc3dfe9	2025-11-10T12:52:05.050151Z
backups/quarantine/20251110_181910/outputs/logs/scripts_phase11_module_a_11A_watchdog_agent_READY.py.log	57	3e339eb8e9e47af8b0cb3e08b4625ec776c88dd634465292771aa01271213030	2025-11-10T12:52:05.050151Z
backups/quarantine/20251110_181910/outputs/logs/scripts_phase11_module_aa_11AA_failure_memory_builder_READY.py.log	99	34f0b0ac61c997d98c22f8a4ff100dbcc8c742097f218adf0190b0598b924ac6	2025-11-10T12:52:05.050151Z
backups/quarantine/20251110_181910/outputs/logs/scripts_phase11_module_aa_11AA_risk_adaptive_agent_tuner_READY.py.log	102	e8a53d17931e3be11da1e8ce9ae2b65b46861ca44028b0cf0a3fc643ef681ac2	2025-11-10T12:52:05.050151Z
backups/quarantine/20251110_181910/outputs/logs/scripts_phase11_module_aa_11AA_self_healing_loop_generator_READY.py.log	104	adf937cd944ac177761cfea3a34e86e344a84be741cfae3c02803cf882d00f49	2025-11-10T12:52:05.050151Z
backups/quarantine/20251110_181910/outputs/logs/scripts_phase11_module_ab_11AB_agent_identity_vault_READY.py.log	97	a483f9c72ef45d8b8bfe175dfda7402a51d0af9010b991c9a3753be03d17a344	2025-11-10T12:52:05.050151Z
backups/quarantine/20251110_181910/outputs/logs/scripts_phase11_module_ab_11AB_agent_signature_validator_READY.py.log	102	1af1e7f4f7b5e86d15f9f2baa971bca345dfdde480c311349c0d59acbdce74ca	2025-11-10T12:52:05.050151Z
backups/quarantine/20251110_181910/outputs/logs/scripts_phase11_module_ab_11AB_zero_trust_access_policy_engine_READY.py.log	108	30bfba8da0497ec9e35fb8075e9cfb054beb8fc0003ccd0f74d5421015da7018	2025-11-10T12:52:05.050151Z
backups/quarantine/20251110_181910/outputs/logs/scripts_phase11_module_b_11B_api_key_leak_checker_READY.py.log	7	7898995ff1d52963da927f6fdce0840aa6837bcde6dfcfe2da20974babc3dfe9	2025-11-10T12:52:05.050151Z
backups/quarantine/20251110_181910/outputs/logs/scripts_phase11_module_b_11B_credential_vault_manager_READY.py.log	141	1ecbd83b1362aeeb63c7365303cdb5ec2d4d00630f11dc4947a323423e337dd8	2025-11-10T12:52:05.050151Z
backups/quarantine/20251110_181910/outputs/logs/scripts_phase11_module_b_11B_missing_script_READY.py.log	7	7898995ff1d52963da927f6fdce0840aa6837bcde6dfcfe2da20974babc3dfe9	2025-11-10T12:52:05.050151Z
backups/quarantine/20251110_181910/outputs/logs/scripts_phase11_module_b_11B_placeholder_READY.py.log	7	7898995ff1d52963da927f6fdce0840aa6837bcde6dfcfe2da20974babc3dfe9	2025-11-10T12:52:05.050151Z
backups/quarantine/20251110_181910/outputs/logs/scripts_phase11_module_b_11B_rate_limit_stress_test_READY.py.log	7	7898995ff1d52963da927f6fdce0840aa6837bcde6dfcfe2da20974babc3dfe9	2025-11-10T12:52:05.050151Z
backups/quarantine/20251110_181910/outputs/logs/scripts_phase11_module_c_11C_behavioral_verification_READY.py.log	30	33937d520a6da07ca6113a145454d5ed905e8113d63d0ce3e56ee0450a440a47	2025-11-10T12:52:05.050151Z
backups/quarantine/20251110_181910/outputs/logs/scripts_phase11_module_d_11D_api_callchain_integrity_READY.py.log	38	180b4f71d26dde9c0d87b08f50e8f23a711c8f86e769fa2e73101016981609cf	2025-11-10T12:52:05.050151Z
backups/quarantine/20251110_181910/outputs/logs/scripts_phase11_module_d_11D_api_callchain_READY.py.log	5	f01a374e9c81e3db89b3a42940c4d6a5447684986a1296e42bf13f196eed6295	2025-11-10T12:52:05.050151Z
backups/quarantine/20251110_181910/outputs/logs/scripts_phase11_module_e_11E_api_health_checker_READY.py.log	58	b2ccd322ea1971174369df63a0cf99faca35531e7078ed4b871341d46e41fb0d	2025-11-10T12:52:05.050151Z
backups/quarantine/20251110_181910/outputs/logs/scripts_phase11_module_e_11E_bottleneck_profiler_READY.py.log	59	8b1efc47d1b6488b596ff9a6553f1c81a2a2fc8625b51e1565a2a5f812e43c74	2025-11-10T12:52:05.050151Z
backups/quarantine/20251110_181910/outputs/logs/scripts_phase11_module_e_11E_broken_script_detector_READY.py.log	62	162276cd17c4ffcd8b462618fb46614e24ec3322ce96d4e354bfb60b7ea529ea	2025-11-10T12:52:05.050151Z
backups/quarantine/20251110_181910/outputs/logs/scripts_phase11_module_e_11E_budget_burn_monitor_READY.py.log	59	e3c87b428863c35c39366c4c7f2a8dcc659a00cb60d2b13ff4669c4d0f64fa1a	2025-11-10T12:52:05.050151Z
backups/quarantine/20251110_181910/outputs/logs/scripts_phase11_module_e_11E_file_folder_cleanup_READY.py.log	59	dbcc63d71a87cf440707d964215ca2c14a4daf062294695bc2cc49cce43c1433	2025-11-10T12:52:05.050151Z
backups/quarantine/20251110_181910/outputs/logs/scripts_phase11_module_e_11E_placeholder_READY.py.log	51	027be43bf33502683ffdaee25b874a644c17564813dd75b248f0a7127ca21bd6	2025-11-10T12:52:05.050151Z
backups/quarantine/20251110_181910/outputs/logs/scripts_phase11_module_e_11E_protection_guard_READY.py.log	56	87bcf917dd40a09f37ba11ffa2aac9007b10794c6f9eaa790eae24b79904ba70	2025-11-10T12:52:05.050151Z
backups/quarantine/20251110_181910/outputs/logs/scripts_phase11_module_f_11F_agent_performance_log_READY.py.log	61	66e03cc099c5dc9f4c22931dc2b7fea78fcb6aa0822494c1bb6fdfdfaed2a54f	2025-11-10T12:52:05.050151Z
backups/quarantine/20251110_181910/outputs/logs/scripts_phase11_module_f_11F_budget_burn_monitor_READY.py.log	59	5546f83405c57df090b3bcc57c4b07ec9c9b12765c3d8e215b44825eafb2781d	2025-11-10T12:52:05.050151Z
backups/quarantine/20251110_181910/outputs/logs/scripts_phase11_module_f_11F_error_pattern_analyzer_READY.py.log	62	1c7598ba86ffac5ba13feca481e0d72a627d23ac132ce3cd05a2e873e9d9a277	2025-11-10T12:52:05.050151Z
backups/quarantine/20251110_181910/outputs/logs/scripts_phase11_module_f_11F_placeholder_READY.py.log	51	4658583613f57e4718a43d9236c4c739ae0d9311f136b03e9fee62494a12c029	2025-11-10T12:52:05.050151Z
backups/quarantine/20251110_181910/outputs/logs/scripts_phase11_module_f_11F_protection_guard_READY.py.log	56	64cb18c4045879ff25efaa068289ea44fb7fd6fed96fc4b6d18a017722afd4b3	2025-11-10T12:52:05.050151Z
backups/quarantine/20251110_181910/outputs/logs/scripts_phase11_module_f_11F_redundancy_reducer_READY.py.log	58	f17e5d8a71f03559b40789d340930fa52e292b8d32f8cb1ebd8b58c1c50cbaa7	2025-11-10T12:52:05.050151Z
backups/quarantine/20251110_181910/outputs/logs/scripts_phase11_module_f_11F_retry_dead_job_scanner_READY.py.log	62	54094fdbfd7f57facfb02c11ec400490c224c049c12ebc83768b54cc6b987281	2025-11-10T12:52:05.050151Z
backups/quarantine/20251110_181910/outputs/logs/scripts_phase11_module_g_11G_full_system_audit_report_READY.py.log	100	dbf4888938a796fb92cd26dba2bebfa29782a35d9e70e1f3c3a510a21199f5eb	2025-11-10T12:52:05.050151Z
backups/quarantine/20251110_181910/outputs/logs/scripts_phase11_module_g_11G_placeholder_READY.py.log	7	7898995ff1d52963da927f6fdce0840aa6837bcde6dfcfe2da20974babc3dfe9	2025-11-10T12:52:05.050151Z
backups/quarantine/20251110_181910/outputs/logs/scripts_phase11_module_h_11H_dead_api_key_validator_READY.py.log	98	9d736aab47a0b60b241afcc71d51b32daf24be0fa46dba651c107e83c9dd70c9	2025-11-10T12:52:05.050151Z
backups/quarantine/20251110_181910/outputs/logs/scripts_phase11_module_h_11H_dependency_graph_audit_READY.py.log	98	cd24eb56338c28e640d7a3ea10ca1cbed4094ff285b154a95b1b511a1a7e81ce	2025-11-10T12:52:05.050151Z
backups/quarantine/20251110_181910/outputs/logs/scripts_phase11_module_h_11H_logging_coverage_analyzer_READY.py.log	101	0c21806e594c7745255748e6c8cf8d9c61a8a47e3b8de0c1df45dd6e342e1def	2025-11-10T12:52:05.050151Z
backups/quarantine/20251110_181910/outputs/logs/scripts_phase11_module_h_11H_orphan_file_detector_READY.py.log	96	bb3b2b0175fe2e835e5ae7b08353c311541e632193d91d45d125fc402ad069e6	2025-11-10T12:52:05.050151Z
backups/quarantine/20251110_181910/outputs/logs/scripts_phase11_module_h_11H_output_file_validator_READY.py.log	97	ffe51c5ce6aff1e25ab4cabdb563628005ed7f91e2e21a0864f276def6fecdf9	2025-11-10T12:52:05.050151Z
backups/quarantine/20251110_181910/outputs/logs/scripts_phase11_module_h_11H_placeholder_READY.py.log	7	7898995ff1d52963da927f6fdce0840aa6837bcde6dfcfe2da20974babc3dfe9	2025-11-10T12:52:05.050151Z
backups/quarantine/20251110_181910/outputs/logs/scripts_phase11_module_h_11H_retry_logic_tester_READY.py.log	94	7449a1ba39b78e2472cd7953748c2a64e3d7650aa3c5f035b9d31251840285f0	2025-11-10T12:52:05.050151Z
backups/quarantine/20251110_181910/outputs/logs/scripts_phase11_module_i_11I_ai_decision_watchdog_READY.py.log	96	97abb52e771f8a6e05c6ff6c84c2ebfdae67ce4345629de1a9a579f2c7e76f8a	2025-11-10T12:52:05.050151Z
backups/quarantine/20251110_181910/outputs/logs/scripts_phase11_module_i_11I_broken_link_embed_fixer_READY.py.log	99	ff55467eefe39e5dc78e49d85fe95e05b20632afa27e6d32a5838cfba56e5483	2025-11-10T12:52:05.050151Z
backups/quarantine/20251110_181910/outputs/logs/scripts_phase11_module_i_11I_central_config_migration_READY.py.log	100	d20bc150a5e13786cf55269c00c49694d18aa8cb4d1dfdb8587dd04bbe62fdac	2025-11-10T12:52:05.050151Z
backups/quarantine/20251110_181910/outputs/logs/scripts_phase11_module_i_11I_cost_overflow_stopper_READY.py.log	97	4dd126b925a7d19f26acc0b35659c62b06b42c8ddf49ca780b8d1b88d72a730c	2025-11-10T12:52:05.050151Z
backups/quarantine/20251110_181910/outputs/logs/scripts_phase11_module_i_11I_fallback_agent_builder_READY.py.log	98	7cccd15e0d6d85da922ba833cd530c668a6cacc2ea354108db5c5efa12e6ed44	2025-11-10T12:52:05.050151Z
backups/quarantine/20251110_181910/outputs/logs/scripts_phase11_module_i_11I_modularize_orchestration_READY.py.log	100	419e8869b167b007711e68747361298d67ee2c6ad05131ef35a4fab049d8fd59	2025-11-10T12:52:05.050151Z
backups/quarantine/20251110_181910/outputs/logs/scripts_phase11_module_i_11I_placeholder_READY.py.log	7	7898995ff1d52963da927f6fdce0840aa6837bcde6dfcfe2da20974babc3dfe9	2025-11-10T12:52:05.050151Z
backups/quarantine/20251110_181910/outputs/logs/scripts_phase11_module_i_11I_rate_limit_guard_READY.py.log	92	8ba02777e3caa849b0ba7b250ca70f0d930cdcc9e2ad4df025a7ca0ad2a46454	2025-11-10T12:52:05.050151Z
backups/quarantine/20251110_181910/outputs/logs/scripts_phase11_module_i_11I_regression_test_runner_READY.py.log	98	a952b2b97e1c3b1a52d9dbecde162b7a963b1fa3a60da0f4a005418c3fbccca5	2025-11-10T12:52:05.050151Z
backups/quarantine/20251110_181910/outputs/logs/scripts_phase11_module_i_11I_system_wide_retry_limiter_READY.py.log	101	2f156d7fbefb6d0c3f82e64b461a0034b234090e69406b2cda727335ea4352f3	2025-11-10T12:52:05.050151Z
backups/quarantine/20251110_181910/outputs/logs/scripts_phase11_module_j_11J_load_spike_simulator_READY.py.log	96	e10ee723f9b05fbd87ea55f392171398c5efa06b19687b3d197fb8409111a8b6	2025-11-10T12:52:05.050151Z
backups/quarantine/20251110_181910/outputs/logs/scripts_phase11_module_j_11J_memory_leak_detector_READY.py.log	96	b8fc85fb3688e98ad49bfc6b74a2b5df66a2c5d4035e8dea657a25b6f5f8fa09	2025-11-10T12:52:05.050151Z
backups/quarantine/20251110_181910/outputs/logs/scripts_phase11_module_j_11J_placeholder_READY.py.log	7	7898995ff1d52963da927f6fdce0840aa6837bcde6dfcfe2da20974babc3dfe9	2025-11-10T12:52:05.050151Z
backups/quarantine/20251110_181910/outputs/logs/scripts_phase11_module_j_11J_random_failure_injector_READY.py.log	99	acd248b8ad9901ad17cbde6bf831cc44de6e135ae590f543923ddc691947be79	2025-11-10T12:52:05.050151Z
backups/quarantine/20251110_181910/outputs/logs/scripts_phase11_module_k_11K_admin_access_checker_READY.py.log	96	73ccb3c715fd8067cc19476d9de6cd6a2918c0492f982bc5c4715771f121e31e	2025-11-10T12:52:05.050151Z
backups/quarantine/20251110_181910/outputs/logs/scripts_phase11_module_k_11K_config_tamper_detector_READY.py.log	98	457df767a1613005ea2fa3986b44fc55446ccb271b580768d2fd7458ec42bb67	2025-11-10T12:52:05.050151Z
backups/quarantine/20251110_181910/outputs/logs/scripts_phase11_module_k_11K_directory_write_lock_verifier_READY.py.log	105	3a74d2d17136458ed1e747a05b8d59e64dfe5f910aa987a6594cd367d83278c3	2025-11-10T12:52:05.050151Z
backups/quarantine/20251110_181910/outputs/logs/scripts_phase11_module_k_11K_placeholder_READY.py.log	7	7898995ff1d52963da927f6fdce0840aa6837bcde6dfcfe2da20974babc3dfe9	2025-11-10T12:52:05.050151Z
backups/quarantine/20251110_181910/outputs/logs/scripts_phase11_module_l_11L_output_change_diff_checker_READY.py.log	102	354a069bc667ad1c943523b57d3d90e1ef50472802b40d00e35c246f1e2cebb7	2025-11-10T12:52:05.050151Z
backups/quarantine/20251110_181910/outputs/logs/scripts_phase11_module_l_11L_placeholder_READY.py.log	7	7898995ff1d52963da927f6fdce0840aa6837bcde6dfcfe2da20974babc3dfe9	2025-11-10T12:52:05.050151Z
backups/quarantine/20251110_181910/outputs/logs/scripts_phase11_module_l_11L_rate_limit_guard_READY.py.log	7	7898995ff1d52963da927f6fdce0840aa6837bcde6dfcfe2da20974babc3dfe9	2025-11-10T12:52:05.050151Z
backups/quarantine/20251110_181910/outputs/logs/scripts_phase11_module_l_11L_time_stamped_run_archiver_READY.py.log	101	dcbf62e453d35ded249be6b8b75e6d5dd84c9c28c58226a4a8761f656c83f8e0	2025-11-10T12:52:05.050151Z
backups/quarantine/20251110_181910/outputs/logs/scripts_phase11_module_l_11L_version_drift_detector_READY.py.log	98	9de7d2b9f08e087b842d288d10fe834225835049a18ecb718cf326aebe9bca39	2025-11-10T12:52:05.050151Z
backups/quarantine/20251110_181910/outputs/logs/scripts_phase11_module_m_11M_api_abuse_detector_READY.py.log	94	cea4657b614e63425979c3495efe847dabc1c7db860644403dfd135bcbef9410	2025-11-10T12:52:05.050151Z
backups/quarantine/20251110_181910/outputs/logs/scripts_phase11_module_m_11M_input_sanitizer_READY.py.log	91	d3d7a51b04272c22087d05cc0449fb3484ff103b9060501be3b023b213c115bf	2025-11-10T12:52:05.050151Z
backups/quarantine/20251110_181910/outputs/logs/scripts_phase11_module_m_11M_placeholder_READY.py.log	7	7898995ff1d52963da927f6fdce0840aa6837bcde6dfcfe2da20974babc3dfe9	2025-11-10T12:52:05.050151Z
backups/quarantine/20251110_181910/outputs/logs/scripts_phase11_module_m_11M_prompt_injection_tester_READY.py.log	99	deceb4fb4c55bc55b6d2e8c5b4e7d7ec882b40f40e871cf975dd865e74e1983a	2025-11-10T12:52:05.050151Z
backups/quarantine/20251110_181910/outputs/logs/scripts_phase11_module_n_11N_approval_gate_for_high_risk_ops_READY.py.log	107	1a5186b05b2f4e79bb70f23ec2034042e43b1e76ba6ae72ba4c42bb74b20f549	2025-11-10T12:52:05.050151Z
backups/quarantine/20251110_181910/outputs/logs/scripts_phase11_module_n_11N_manual_override_toggle_READY.py.log	98	0e95f82b7dc0aaf029f0dc735e9ef2b034b04355b275706283832011c983a2f1	2025-11-10T12:52:05.050151Z
backups/quarantine/20251110_181910/outputs/logs/scripts_phase11_module_n_11N_placeholder_READY.py.log	7	7898995ff1d52963da927f6fdce0840aa6837bcde6dfcfe2da20974babc3dfe9	2025-11-10T12:52:05.050151Z
backups/quarantine/20251110_181910/outputs/logs/scripts_phase11_module_n_11N_slack_email_alert_system_READY.py.log	100	25d6267efbb6870f44dd83dedffb5fa94638e2fab4a0222d19695c75e0926d15	2025-11-10T12:52:05.050151Z
backups/quarantine/20251110_181910/outputs/logs/scripts_phase11_module_o_11O_placeholder_READY.py.log	7	7898995ff1d52963da927f6fdce0840aa6837bcde6dfcfe2da20974babc3dfe9	2025-11-10T12:52:05.050151Z
backups/quarantine/20251110_181910/outputs/logs/scripts_phase11_module_o_11O_real_time_log_streamer_READY.py.log	98	e1e983932ad422e4513503761aac82d8efd14e2c0230a859dc48a3ef4720994d	2025-11-10T12:52:05.050151Z
backups/quarantine/20251110_181910/outputs/logs/scripts_phase11_module_o_11O_telemetry_exporter_READY.py.log	94	1a337cb10f057bb71431bc1042ede6ff2154d625925a4f6b2c4410ecbee2caa6	2025-11-10T12:52:05.050151Z
backups/quarantine/20251110_181910/outputs/logs/scripts_phase11_module_o_11O_unified_log_aggregator_READY.py.log	98	c4a9a7bd22807f10b65d06edba1dcb0288d1fad18092e649fc307262ddd51982	2025-11-10T12:52:05.050151Z
backups/quarantine/20251110_181910/outputs/logs/scripts_phase11_module_p_11P_api_terms_compliance_checker_READY.py.log	104	63a0a1432649e49f6917e367369c460b49203bf2fb86dfbe9b3c202e9c5a943c	2025-11-10T12:52:05.050151Z
backups/quarantine/20251110_181910/outputs/logs/scripts_phase11_module_p_11P_attribution_inserter_READY.py.log	96	8103584295c7ca26b78fdd524f836f172a4f3c644c1edaaba184568b78e7fc54	2025-11-10T12:52:05.050151Z
backups/quarantine/20251110_181910/outputs/logs/scripts_phase11_module_p_11P_license_file_auditor_READY.py.log	96	20c7215bc835fd9dd2350485252fd01e2b21992709da30d5be6e1de00f40ab18	2025-11-10T12:52:05.050151Z
backups/quarantine/20251110_181910/outputs/logs/scripts_phase11_module_p_11P_placeholder_READY.py.log	7	7898995ff1d52963da927f6fdce0840aa6837bcde6dfcfe2da20974babc3dfe9	2025-11-10T12:52:05.050151Z
backups/quarantine/20251110_181910/outputs/logs/scripts_phase11_module_q_11Q_dependency_version_pin_checker_READY.py.log	106	7121eade983de716bdd8e064a2705011d4ec056da9aa26a208d516a4ea58e24c	2025-11-10T12:52:05.050151Z
backups/quarantine/20251110_181910/outputs/logs/scripts_phase11_module_q_11Q_placeholder_READY.py.log	7	7898995ff1d52963da927f6fdce0840aa6837bcde6dfcfe2da20974babc3dfe9	2025-11-10T12:52:05.050151Z
backups/quarantine/20251110_181910/outputs/logs/scripts_phase11_module_q_11Q_python_environment_verifier_READY.py.log	103	5f7d4bf237bafb0993e79c72baae0c23a991b7d286e245299c98d7cbd9e28d5c	2025-11-10T12:52:05.050151Z
backups/quarantine/20251110_181910/outputs/logs/scripts_phase11_module_q_11Q_virtualenv_isolation_enforcer_READY.py.log	105	1105fb12235749b5cb6be2f28d8fc716d5b6567bc54fd6096ff0dd4d82f05f12	2025-11-10T12:52:05.050151Z
backups/quarantine/20251110_181910/outputs/logs/scripts_phase11_module_r_11R_placeholder_READY.py.log	7	7898995ff1d52963da927f6fdce0840aa6837bcde6dfcfe2da20974babc3dfe9	2025-11-10T12:52:05.050151Z
backups/quarantine/20251110_181910/outputs/logs/scripts_phase11_module_r_11R_shadow_run_mode_READY.py.log	91	c185434bd6d5e8ff971bb377e0e3088e5cbde028893ae30c587dea2566c270f2	2025-11-10T12:52:05.050151Z
backups/quarantine/20251110_181910/outputs/logs/scripts_phase11_module_r_11R_silent_error_logger_READY.py.log	7	7898995ff1d52963da927f6fdce0840aa6837bcde6dfcfe2da20974babc3dfe9	2025-11-10T12:52:05.050151Z
backups/quarantine/20251110_181910/outputs/logs/scripts_phase11_module_r_11R_sneak_audit_agent_READY.py.log	93	5698b8781b5353a5ed33e47a36512265f64dae038bb5cbbfbcc8c4b3385b3f00	2025-11-10T12:52:05.050151Z
backups/quarantine/20251110_181910/outputs/logs/scripts_phase11_module_s_11S_ai_risk_classifier_READY.py.log	94	8ade622059a3c053d8726aaa19b1a96de855d7e21d24a48668b241efd79064b5	2025-11-10T12:52:05.050151Z
backups/quarantine/20251110_181910/outputs/logs/scripts_phase11_module_s_11S_mitigation_suggestion_engine_READY.py.log	104	a07dc07f17dc341cbf7d03deaf32126959e7db1aca9c7650739d6d517c216d8e	2025-11-10T12:52:05.050151Z
backups/quarantine/20251110_181910/outputs/logs/scripts_phase11_module_s_11S_placeholder_READY.py.log	7	7898995ff1d52963da927f6fdce0840aa6837bcde6dfcfe2da20974babc3dfe9	2025-11-10T12:52:05.050151Z
backups/quarantine/20251110_181910/outputs/logs/scripts_phase11_module_s_11S_risk_score_dashboard_READY.py.log	96	f44be2ef4a19ad88cbda7968ef16a2155ab0f6387452a9badc6cd5b98155d523	2025-11-10T12:52:05.050151Z
backups/quarantine/20251110_181910/outputs/logs/scripts_phase11_module_t_11T_audit_trail_renderer_READY.py.log	96	96e6bab78ec7c7358d638999a2a3d9e9b39250e3fcf994cdea378d11b9fb721f	2025-11-10T12:52:05.050151Z
backups/quarantine/20251110_181910/outputs/logs/scripts_phase11_module_t_11T_decision_chain_visualizer_READY.py.log	101	721a7aaf9f4f62b578fc1bd1848b9f1a0403f899127467b08c851db0acde1b8d	2025-11-10T12:52:05.050151Z
backups/quarantine/20251110_181910/outputs/logs/scripts_phase11_module_t_11T_output_attribution_tracer_READY.py.log	101	a930961837a5239031ebb167b5f550c06845678ae2bc06533e37dc3e99b2af86	2025-11-10T12:52:05.050151Z
backups/quarantine/20251110_181910/outputs/logs/scripts_phase11_module_t_11T_placeholder_READY.py.log	7	7898995ff1d52963da927f6fdce0840aa6837bcde6dfcfe2da20974babc3dfe9	2025-11-10T12:52:05.050151Z
backups/quarantine/20251110_181910/outputs/logs/scripts_phase11_module_u_11U_agent_voting_system_READY.py.log	95	eac366cad0fba7e8c3938a65a7a69be275b072f374e4b80afff51bd17d2f0bce	2025-11-10T12:52:05.050151Z
backups/quarantine/20251110_181910/outputs/logs/scripts_phase11_module_u_11U_chain_of_responsibility_resolver_READY.py.log	108	6416ad55c33b942eac461292fcd04552030ae7f7bbb79b0536edd0a3acb25d64	2025-11-10T12:52:05.050151Z
backups/quarantine/20251110_181910/outputs/logs/scripts_phase11_module_u_11U_conflict_detector_between_agents_READY.py.log	108	a516bbd696c4d89ec25dbd3b3e0cda5b15f55e852e4e408aef490de20f51773f	2025-11-10T12:52:05.050151Z
backups/quarantine/20251110_181910/outputs/logs/scripts_phase11_module_u_11U_placeholder_READY.py.log	7	7898995ff1d52963da927f6fdce0840aa6837bcde6dfcfe2da20974babc3dfe9	2025-11-10T12:52:05.050151Z
backups/quarantine/20251110_181910/outputs/logs/scripts_phase11_module_v_11V_maintece_nudger_READY.py.log	91	a84ef752daea0b198130a541f81e406ee8f8199345219662db583a74748cfd46	2025-11-10T12:52:05.050151Z
backups/quarantine/20251110_181910/outputs/logs/scripts_phase11_module_v_11V_output_drift_detector_READY.py.log	97	6ea409011e896222b42b874612d576f42fa2e38c26571c29618153b68fafeefc	2025-11-10T12:52:05.050151Z
backups/quarantine/20251110_181910/outputs/logs/scripts_phase11_module_v_11V_placeholder_READY.py.log	7	7898995ff1d52963da927f6fdce0840aa6837bcde6dfcfe2da20974babc3dfe9	2025-11-10T12:52:05.050151Z
backups/quarantine/20251110_181910/outputs/logs/scripts_phase11_module_v_11V_unused_agent_scanner_READY.py.log	96	31944f08426a3337006d979d2cb3c4a26f0ce752229b325158a8a699d02f047f	2025-11-10T12:52:05.050151Z
backups/quarantine/20251110_181910/outputs/logs/scripts_phase11_module_w_11W_ethical_decision_flagger_READY.py.log	100	05c5a28aeb962fa2ae7f334ea8b8afb24517d0458170fba17cdfb9a07815bd27	2025-11-10T12:52:05.050151Z
backups/quarantine/20251110_181910/outputs/logs/scripts_phase11_module_w_11W_hallucination_catcher_READY.py.log	97	4b3acc87bd4ed6b3524afdbb869a0de2db150a6be2a38bd3622cc0e7668543eb	2025-11-10T12:52:05.050151Z
backups/quarantine/20251110_181910/outputs/logs/scripts_phase11_module_w_11W_placeholder_READY.py.log	7	7898995ff1d52963da927f6fdce0840aa6837bcde6dfcfe2da20974babc3dfe9	2025-11-10T12:52:05.050151Z
backups/quarantine/20251110_181910/outputs/logs/scripts_phase11_module_w_11W_toxicity_bias_filter_READY.py.log	96	018d901a711b4c48ff933ce5cf45531b12e8b039e242616f101a89eff8596da7	2025-11-10T12:52:05.050151Z
backups/quarantine/20251110_181910/outputs/logs/scripts_phase11_module_x_11X_agent_sabotage_replay_detector_READY.py.log	106	24cac561ef8811bfc96eef0b0a1724898fbfcf219009dcccd90e0dec125592dc	2025-11-10T12:52:05.050151Z
backups/quarantine/20251110_181910/outputs/logs/scripts_phase11_module_x_11X_llm_jailbreak_resistance_tester_READY.py.log	107	8fbac1e3638abd491840e5bf4927a65e5b3164b773219d243979bbcd63b279f4	2025-11-10T12:52:05.050151Z
backups/quarantine/20251110_181910/outputs/logs/scripts_phase11_module_x_11X_placeholder_READY.py.log	7	7898995ff1d52963da927f6fdce0840aa6837bcde6dfcfe2da20974babc3dfe9	2025-11-10T12:52:05.050151Z
backups/quarantine/20251110_181910/outputs/logs/scripts_phase11_module_x_11X_red_team_threat_simulator_READY.py.log	101	37d14ea7b7a85cd5d78c8f7b9f8e8328f97a7b5b031e7d35082807f49889cf1d	2025-11-10T12:52:05.050151Z
backups/quarantine/20251110_181910/outputs/logs/scripts_phase11_module_y_11Y_agent_uptime_monitor_READY.py.log	96	92ec7bc67adf3d202baf2ba5dddb18ebedb4eb5145ec9e532a757ef920f5e091	2025-11-10T12:52:05.050151Z
backups/quarantine/20251110_181910/outputs/logs/scripts_phase11_module_y_11Y_multi_tier_auto_restarter_READY.py.log	101	3e31a56ac3db87f7386b4f7cf4bb777e153ba66404f0f4ade7bf9f148ff5e017	2025-11-10T12:52:05.050151Z
backups/quarantine/20251110_181910/outputs/logs/scripts_phase11_module_y_11Y_placeholder_READY.py.log	7	7898995ff1d52963da927f6fdce0840aa6837bcde6dfcfe2da20974babc3dfe9	2025-11-10T12:52:05.050151Z
backups/quarantine/20251110_181910/outputs/logs/scripts_phase11_module_y_11Y_sla_violation_logger_READY.py.log	96	37010d3793f64bc26356e3afe88c70671b360ad038a49dae5a499084e3e1e69f	2025-11-10T12:52:05.050151Z
backups/quarantine/20251110_181910/outputs/logs/scripts_phase11_module_z_11Z_auto_rollback_controller_READY.py.log	100	2dece11c9e670e6ed50c2f1f64a5eb881f94b85e69f47a657ec82dff4fa39b97	2025-11-10T12:52:05.050151Z
backups/quarantine/20251110_181910/outputs/logs/scripts_phase11_module_z_11Z_placeholder_READY.py.log	7	7898995ff1d52963da927f6fdce0840aa6837bcde6dfcfe2da20974babc3dfe9	2025-11-10T12:52:05.050151Z
backups/quarantine/20251110_181910/outputs/logs/scripts_phase11_module_z_11Z_snapshot_creation_diff_engine_READY.py.log	105	98173f0936c0e807cf5b0cdc3090b1f63d64f56b942a71bf8033db63d62d266b	2025-11-10T12:52:05.050151Z
backups/quarantine/20251110_181910/outputs/logs/scripts_phase11_module_z_11Z_step_by_step_time_travel_debugger_READY.py.log	109	578b9722499150ef118d31bddfbf42b70a9497948eb202ba2e9b9f0e496064f3	2025-11-10T12:52:05.050151Z
backups/quarantine/20251110_181910/outputs/logs/scripts_phase11_outputs_phase11_outputs_placeholder_READY.py.log	7	7898995ff1d52963da927f6fdce0840aa6837bcde6dfcfe2da20974babc3dfe9	2025-11-10T12:52:05.050151Z
backups/quarantine/20251110_181910/outputs/logs/master_orchestrator_summary.tsv	7968	af58d351205b000b3dd3bcee345920ee12ad2c1abe3bbd825066f635c18ebb9b	2025-11-10T12:52:05.050151Z
backups/quarantine/20251110_181910/outputs/logs/phase11_cycle_log_20251108_015853.txt	42	005016e8c91f2aeb71c1308d73ff0f62bece74414b2f6d259f258c417222a943	2025-11-10T12:52:05.050151Z
backups/quarantine/20251110_181910/outputs/logs/phase11_cycle_log_20251108_020949.txt	42	005016e8c91f2aeb71c1308d73ff0f62bece74414b2f6d259f258c417222a943	2025-11-10T12:52:05.050151Z
backups/quarantine/20251110_181910/outputs/logs/phase11_cycle_log_20251108_021716.txt	42	005016e8c91f2aeb71c1308d73ff0f62bece74414b2f6d259f258c417222a943	2025-11-10T12:52:05.050151Z
backups/quarantine/20251110_181910/outputs/logs/phase11_cycle_log_20251108_022138.txt	42	005016e8c91f2aeb71c1308d73ff0f62bece74414b2f6d259f258c417222a943	2025-11-10T12:52:05.050151Z
backups/quarantine/20251110_181910/outputs/logs/phase11_cycle_log_20251108_023128.txt	42	005016e8c91f2aeb71c1308d73ff0f62bece74414b2f6d259f258c417222a943	2025-11-10T12:52:05.050151Z
backups/quarantine/20251110_181910/outputs/logs/cleanup_repo_20251110_091918.log	73620	8e00762eeeeb47801aa46382a23074b1e2df68fb41cdedb95c5c00028bccf490	2025-11-10T12:52:05.050151Z
backups/quarantine/20251110_181910/outputs/logs/cleanup_repo_20251110_092155.log	120	c0ae9e7c34a7e5f89e870f34b5fa4b1b751fe9a40122273731d0271be31e1c89	2025-11-10T12:52:05.050151Z
backups/quarantine/20251110_181910/outputs/logs/week11_snapshot_20251110_112913.txt	239	b0ebf3ffbbb221a131b29d5277f2ae1169c965ff10d3be9969c7caf65b0ac894	2025-11-10T12:52:05.050151Z
backups/quarantine/20251110_181910/outputs/logs/pytest_fast_20251110.log	6430	088b8ddd8a89c2786828a65d5eb74522752af06c868e9f3910949b468c16fb06	2025-11-10T12:52:05.050151Z
backups/quarantine/20251110_181910/outputs/logs/pytest_fast_20251110_round2.log	5628	49aac3b5888ae6cebec3e8591a743e83364fbb932492fde8756fb528c4b3eaed	2025-11-10T12:52:05.050151Z
backups/quarantine/20251110_181910/outputs/logs/phase10/phase10_seo_keywords_READY.py.log	238	ee8c4b11eb59ad6b41ef79d740b0b400925d780b5703b933f1a1032074f0dc27	2025-11-10T12:52:05.050151Z
backups/quarantine/20251110_181910/outputs/logs/phase6/phase6_retry_scheduler_READY.py.log	246	552f60524d87ff49b8ce8d8956ffc06cbc2d2b56a59bc1f7fe937e903a18fabd	2025-11-10T12:52:05.050151Z
backups/quarantine/20251110_181910/outputs/logs/phase6/phase6_uploader_example_READY.py.log	250	719e45c5490569ef436202cd8bbb8c2cb35068720d6c5cea72b232cb4af1cd12	2025-11-10T12:52:05.050151Z
backups/quarantine/20251110_181910/outputs/logs/phase7/phase7_affiliate_handler_READY.py.log	254	d0f629395a43d9ae939bdf9aca2bc29f17e05da3f32a36dd04ac6c6ceef1d1aa	2025-11-10T12:52:05.050151Z
backups/quarantine/20251110_181910/outputs/logs/phase8/phase8_traffic_sentiment_analysis_READY.py.log	290	fb0d6e6abf3ffeb659047d8d0e67bb05d391403732f48ca7ca0ca92ce462d303	2025-11-10T12:52:05.050151Z
backups/quarantine/20251110_181910/outputs/logs/phase9/phase9_orchestration_runner_READY.py.log	266	5512d0f003c245a9d882145685834d38a2ee33c1a937a27f44a321d6a5077461	2025-11-10T12:52:05.050151Z
backups/quarantine/20251110_181910/outputs/logs/week6/w6_checks.ps1	1096	da8142686128bdfc7b0ef650a0bc8f3ae80c16c6a864f752f8b3bf38039a7783	2025-11-10T12:52:05.050151Z
backups/quarantine/20251110_181910/outputs/logs/week6/week6_status.tsv	1174	4bf49e72b696c362d4115c7ff49d2a1ed02c49a5ea8e6539ede3ccf5c0dc898f	2025-11-10T12:52:05.050151Z
backups/quarantine/20251110_181910/outputs/logs/week6/inject_failures.log	48	68f4ee416d32251ec1bfa1de5fb0c60a654c2160309a077a86f440c7aa603042	2025-11-10T12:52:05.050151Z
backups/quarantine/20251110_181910/outputs/logs/week6/chaos_20251108_013509.log	48	68f4ee416d32251ec1bfa1de5fb0c60a654c2160309a077a86f440c7aa603042	2025-11-10T12:52:05.050151Z
backups/quarantine/20251110_181910/outputs/logs/week6/post_chaos_smokes.log	7454	c1a7cdea49bbce1c49acd7f4614aa0a7adf8955b248fe8f66e76a6cdd3f505b2	2025-11-10T12:52:05.050151Z
backups/quarantine/20251110_181910/outputs/logs/week6/chaos_20251108_015550.log	48	68f4ee416d32251ec1bfa1de5fb0c60a654c2160309a077a86f440c7aa603042	2025-11-10T12:52:05.050151Z
backups/quarantine/20251110_181910/outputs/logs/week6/post_chaos_phase11_smokes.log	416136	4d98ee46e61ce6df82f6d8940fa446e48fcb7cc86e6385efe7e6a56884b0c00b	2025-11-10T12:52:05.050151Z
backups/quarantine/20251110_181910/outputs/logs/week6/phase11_guards_after_chaos.log	3050	29837fb9e975cfa053cb9f128cf7b70c5eb36df630f55e13cd9d52dc12e68497	2025-11-10T12:52:05.050151Z
backups/quarantine/20251110_181910/outputs/logs/week6/chaos_20251108_020645.log	48	68f4ee416d32251ec1bfa1de5fb0c60a654c2160309a077a86f440c7aa603042	2025-11-10T12:52:05.050151Z
backups/quarantine/20251110_181910/outputs/logs/week6/pytest_full.log	1622	ed8bd1b0ee3c7c24384cacad320a3b5c269be1157562ba6ae3a02ed420b77c11	2025-11-10T12:52:05.050151Z
backups/quarantine/20251110_181910/outputs/logs/week6/chaos_20251108_021837.log	48	68f4ee416d32251ec1bfa1de5fb0c60a654c2160309a077a86f440c7aa603042	2025-11-10T12:52:05.050151Z
backups/quarantine/20251110_181910/outputs/manifest_backups/manifest_backup_1762542279.json	288858	fe64e57e9b0b17e910e4d55bc81efd55e791f8afba5619b94400e4e4072a96e2	2025-11-10T12:52:05.050151Z
backups/quarantine/20251110_181910/outputs/manifest_backups/manifest_backup_1762544702.json	79278	940c12109d83f791d0e17f6c26cb1d61388c21e43cefc4a6f601b5e274c8569b	2025-11-10T12:52:05.050151Z
backups/quarantine/20251110_181910/outputs/manifest_backups/manifest_backup_1762546155.json	79278	940c12109d83f791d0e17f6c26cb1d61388c21e43cefc4a6f601b5e274c8569b	2025-11-10T12:52:05.050151Z
backups/quarantine/20251110_181910/outputs/manifest_backups/manifest_backup_1762546333.json	79278	940c12109d83f791d0e17f6c26cb1d61388c21e43cefc4a6f601b5e274c8569b	2025-11-10T12:52:05.050151Z
backups/quarantine/20251110_181910/outputs/manifest_backups/manifest_backup_1762547810.json	79278	940c12109d83f791d0e17f6c26cb1d61388c21e43cefc4a6f601b5e274c8569b	2025-11-10T12:52:05.050151Z
backups/quarantine/20251110_181910/outputs/manifest_backups/manifest_backup_1762547895.json	288250	e942d1e83710fdd72c1c6bf5ed723241e7c30cd69d3eef2d1ac970e89894ceb3	2025-11-10T12:52:05.050151Z
backups/quarantine/20251110_181910/outputs/manifest_backups/manifest_backup_1762548742.json	79278	940c12109d83f791d0e17f6c26cb1d61388c21e43cefc4a6f601b5e274c8569b	2025-11-10T12:52:05.050151Z
backups/quarantine/20251110_181910/outputs/manifest_backups/manifest_backup_1762548872.json	79278	940c12109d83f791d0e17f6c26cb1d61388c21e43cefc4a6f601b5e274c8569b	2025-11-10T12:52:05.050151Z
backups/quarantine/20251110_181910/outputs/manifest_backups/manifest_backup_1762690966.json	79278	940c12109d83f791d0e17f6c26cb1d61388c21e43cefc4a6f601b5e274c8569b	2025-11-10T12:52:05.050151Z
backups/quarantine/20251110_181910/outputs/manifest_backups/manifest_backup_1762691525.json	79467	01b07186e42edc691a3f03f43c263f3bf04a6820dc7231e2d40c4539ee846468	2025-11-10T12:52:05.050151Z
backups/quarantine/20251110_181910/outputs/manifest_backups/manifest_backup_1762703040.json	79467	01b07186e42edc691a3f03f43c263f3bf04a6820dc7231e2d40c4539ee846468	2025-11-10T12:52:05.050151Z
backups/quarantine/20251110_181910/outputs/manifest_backups/manifest_backup_1762757388.json	79467	01b07186e42edc691a3f03f43c263f3bf04a6820dc7231e2d40c4539ee846468	2025-11-10T12:52:05.050151Z
backups/quarantine/20251110_181910/outputs/manifest_backups/manifest_backup_1762775893.json	79369	4f9aa5c1481cf6172eb5ca64c6c22ed7acc922bbfed0c15ecf283fd287d7f118	2025-11-10T12:52:05.050151Z
backups/quarantine/20251110_181910/outputs/alerts/watchdog_report.log	404956	46d579f6e3190b4f9c2d7b7176cd3bfdb565eaf4edc06ed913c7fe169994a59a	2025-11-10T12:52:05.050151Z
backups/quarantine/20251110_181910/outputs/status/stage3_status.json	539	25b772190b2d4e441ce90040b12ad06aa893218af727ac0efe6adc7a57f396d2	2025-11-10T12:52:05.050151Z
backups/quarantine/20251110_181910/outputs/status/stage4_status.json	335	2c81df0e6143c7d2cbeeed8f3f2b44512c100ec638c28c97bc1a49b37b162cab	2025-11-10T12:52:05.050151Z
backups/quarantine/20251110_181910/outputs/status/stage6_status.json	378	49f4d43f023cb4c33d02e898871943101410b9d5246903effc9eb2f3c2fa2a09	2025-11-10T12:52:05.050151Z
backups/quarantine/20251110_181910/logs/trends-2025-10-27.log	830	ca38425ea51d8703a7baf2830a0cf0f13d93df808b53f0d5990fc6e50cbaf3fb	2025-11-10T12:52:05.050151Z
backups/quarantine/20251110_181910/logs/trends-2025-10-28.log	1106	05404bc6cddb42cb7d879ad25c6ea0b2bb687e220ff6d2f310dbee7e45686bf4	2025-11-10T12:52:05.050151Z
backups/quarantine/20251110_181910/logs/trends-2025-10-29.log	1106	3bd01458168ab6229d8f33e8c3cfb297d55dd474a1282cfd782bd413c76178ab	2025-11-10T12:52:05.050151Z
backups/quarantine/20251110_181910/logs/auto_recover_log.txt	5139	68c05af902782cb37754534d4f1f9fe4009a921fbc5beaaddfd853630c730daf	2025-11-10T12:52:05.050151Z
backups/quarantine/20251110_181910/logs/trends-2025-10-30.log	830	1da019c84540bb6abe499bca37401367f6e23736617041d0e7250eeaf5dc6b40	2025-11-10T12:52:05.050151Z
backups/quarantine/20251110_181910/logs/trends-2025-10-31.log	922	d02abf1fb73fbec80e619b260abf7495e382648f74ad4f2aee665508cfcd6e57	2025-11-10T12:52:05.050151Z
backups/quarantine/20251110_181910/logs/trends-2025-11-01.log	186	fd8a732fc552d59d1b628bdb8da95225f43df8580518b2ee4c0022dfbf36feae	2025-11-10T12:52:05.050151Z
backups/quarantine/20251110_181910/logs/trends-2025-11-03.log	278	65ea949d3555bb9da734f81dd966eaaa920d0b40dee857bb1213331b18169869	2025-11-10T12:52:05.050151Z
backups/quarantine/20251110_181910/logs/trends-2025-11-04.log	646	d9ed303eb39c9d6c70175e5dd277f3de05d254dc510f7766744cbc31e925bd68	2025-11-10T12:52:05.050151Z
backups/quarantine/20251110_181910/logs/trends-2025-11-05.log	554	39aae4ac0a5537cfcb48dcc9fe399b8ab550dbed00608a9b4492d218ab865c04	2025-11-10T12:52:05.050151Z
backups/quarantine/20251110_181910/logs/trends-2025-11-06.log	1014	3ab1654ac4ee0b9629da7ca4d9b5c642d15e2890e86e65c379efd762aecc31bb	2025-11-10T12:52:05.050151Z
backups/quarantine/20251110_181910/logs/trends-2025-11-07.log	922	34bf76b39a3e29fc866a5e13bca95a0f80c65534f748d2b8f89d62a223b0450f	2025-11-10T12:52:05.050151Z
backups/quarantine/20251110_181910/logs/phase11_sanity.log	330	69fa767611f48337012248e93d4fc7935e37e059dc8a42733fcf2c90e495990e	2025-11-10T12:52:05.050151Z
backups/quarantine/20251110_181910/logs/trends-2025-11-08.log	186	5d1998e2a062ae3a6485cc5b633b91f1722bf990ef437201256c856bb0d2c713	2025-11-10T12:52:05.050151Z
backups/quarantine/20251110_181910/logs/trends-2025-11-09.log	830	93c52cf9a7c006498093023908bc2e4226d337effaa1ec3fc1943a21de2a3337	2025-11-10T12:52:05.050151Z
backups/quarantine/20251110_181910/logs/trends-2025-11-10.log	738	fb76261d789925bda4b74c850df3014a5586d9b0d0cbfd349488987749e24fe3	2025-11-10T12:52:05.050151Z
